,in_reply_to_status_id,in_reply_to_user_id,timestamp,source,text,expanded_urls,rating_numerator,rating_denominator,name,retweet_count,favorite_count,dog_stage,breed
0,,,2017-07-26 15:59:51+00:00,"<a href=""http://twitter.com/download/iphone"" rel=""nofollow"">Twitter for iPhone</a>",This is Cassie. She is a college pup. Studying international doggo communication and stick theory. 14/10 so elegant much sophisticate https://t.co/t1bfwz5S2A,https://twitter.com/dog_rates/status/890240255349198849/photo/1,14,10,Cassie,7711,32467,doggo,Pembroke
1,,,2017-07-09 21:29:42+00:00,"<a href=""http://twitter.com/download/iphone"" rel=""nofollow"">Twitter for iPhone</a>",Meet Yogi. He doesn't have any important dog meetings today he just enjoys looking his best at all times. 12/10 for dangerously dapper doggo https://t.co/YSI00BzTBZ,https://twitter.com/dog_rates/status/884162670584377345/photo/1,12,10,Yogi,3128,20771,doggo,German_shepherd
2,,,2017-06-09 00:02:31+00:00,"<a href=""http://twitter.com/download/iphone"" rel=""nofollow"">Twitter for iPhone</a>",Here's a very large dog. He has a date later. Politely asked this water person to check if his breath is bad. 12/10 good to go doggo https://t.co/EMYIdoblMR,"https://twitter.com/dog_rates/status/872967104147763200/photo/1,https://twitter.com/dog_rates/status/872967104147763200/photo/1",12,10,,5669,28031,doggo,Labrador_retriever
3,,,2017-06-04 23:56:03+00:00,"<a href=""http://twitter.com/download/iphone"" rel=""nofollow"">Twitter for iPhone</a>",This is Napolean. He's a Raggedy East Nicaraguan Zoom Zoom. Runs on one leg. Built for deception. No eyes. Good with kids. 12/10 great doggo https://t.co/PR7B7w1rUw,"https://twitter.com/dog_rates/status/871515927908634625/photo/1,https://twitter.com/dog_rates/status/871515927908634625/photo/1",12,10,Napolean,3628,20730,doggo,komondor
4,,,2017-05-30 16:49:31+00:00,"<a href=""http://twitter.com/download/iphone"" rel=""nofollow"">Twitter for iPhone</a>",This is Scout. He just graduated. Officially a doggo now. Have fun with taxes and losing sight of your ambitions. 12/10 would throw cap for https://t.co/DsA2hwXAJo,"https://twitter.com/dog_rates/status/869596645499047938/photo/1,https://twitter.com/dog_rates/status/869596645499047938/photo/1",12,10,Scout,3327,16476,doggo,Chihuahua
5,,,2017-05-01 00:40:27+00:00,"<a href=""http://twitter.com/download/iphone"" rel=""nofollow"">Twitter for iPhone</a>",I have stumbled puppon a doggo painting party. They're looking to be the next Pupcasso or Puppollock. All 13/10 would put it on the fridge https://t.co/cUeDMlHJbq,https://twitter.com/dog_rates/status/858843525470990336/photo/1,13,10,,3771,16304,doggo,golden_retriever
6,,,2017-04-22 18:31:02+00:00,"<a href=""http://twitter.com/download/iphone"" rel=""nofollow"">Twitter for iPhone</a>",Here's a puppo participating in the #ScienceMarch. Cleverly disguising her own doggo agenda. 13/10 would keep the planet habitable for https://t.co/cMhq16isel,https://twitter.com/dog_rates/status/855851453814013952/photo/1,13,10,,19196,47844,doggo,flat-coated_retriever
7,,,2017-04-22 18:31:02+00:00,"<a href=""http://twitter.com/download/iphone"" rel=""nofollow"">Twitter for iPhone</a>",Here's a puppo participating in the #ScienceMarch. Cleverly disguising her own doggo agenda. 13/10 would keep the planet habitable for https://t.co/cMhq16isel,https://twitter.com/dog_rates/status/855851453814013952/photo/1,13,10,,19196,47844,puppo,flat-coated_retriever
8,,,2017-04-17 16:34:26+00:00,"<a href=""http://twitter.com/download/iphone"" rel=""nofollow"">Twitter for iPhone</a>","At first I thought this was a shy doggo, but it's actually a Rare Canadian Floofer Owl. Amateurs would confuse the two. 11/10 only send dogs https://t.co/TXdT3tmuYk","https://twitter.com/dog_rates/status/854010172552949760/photo/1,https://twitter.com/dog_rates/status/854010172552949760/photo/1",11,10,,3433,17169,doggo,English_springer
9,,,2017-04-17 16:34:26+00:00,"<a href=""http://twitter.com/download/iphone"" rel=""nofollow"">Twitter for iPhone</a>","At first I thought this was a shy doggo, but it's actually a Rare Canadian Floofer Owl. Amateurs would confuse the two. 11/10 only send dogs https://t.co/TXdT3tmuYk","https://twitter.com/dog_rates/status/854010172552949760/photo/1,https://twitter.com/dog_rates/status/854010172552949760/photo/1",11,10,,3433,17169,floofer,English_springer
10,,,2017-03-28 00:07:32+00:00,"<a href=""http://twitter.com/download/iphone"" rel=""nofollow"">Twitter for iPhone</a>",This is Barney. He's an elder doggo. Hitches a ride when he gets tired. Waves goodbye before he leaves. 13/10 please come back soon https://t.co/cFAasDXauK,"https://twitter.com/dog_rates/status/846514051647705089/photo/1,https://twitter.com/dog_rates/status/846514051647705089/photo/1,https://twitter.com/dog_rates/status/846514051647705089/photo/1",13,10,Barney,13076,48410,doggo,golden_retriever
11,,,2017-03-24 22:08:59+00:00,"<a href=""http://twitter.com/download/iphone"" rel=""nofollow"">Twitter for iPhone</a>","Say hello to Mimosa. She's an emotional support doggo who helps her owner with PTSD. 13/10, but she needs your help

https://t.co/L6mLzrd7Mx https://t.co/jMutBFdw5o","https://www.gofundme.com/help-save-a-pup,https://twitter.com/dog_rates/status/845397057150107648/photo/1,https://twitter.com/dog_rates/status/845397057150107648/photo/1",13,10,Mimosa,2072,8241,doggo,Dandie_Dinmont
12,,,2017-02-18 17:00:10+00:00,"<a href=""http://twitter.com/download/iphone"" rel=""nofollow"">Twitter for iPhone</a>","This is Rhino. He arrived at a shelter with an elaborate doggo manual for his new family, written by someone who will always love him. 13/10 https://t.co/QX1h0oqMz0","https://twitter.com/dog_rates/status/832998151111966721/photo/1,https://twitter.com/dog_rates/status/832998151111966721/photo/1",13,10,Rhino,2522,14549,doggo,boxer
13,,,2017-02-16 17:00:25+00:00,"<a href=""http://twitter.com/download/iphone"" rel=""nofollow"">Twitter for iPhone</a>",Say hello to Smiley. He's a blind therapy doggo having a h*ckin blast high steppin around in the snow. 14/10 would follow anywhere https://t.co/SHAb1wHjMz,https://twitter.com/dog_rates/status/832273440279240704/video/1,14,10,Smiley,2673,12385,doggo,Pembroke
14,,,2017-02-16 01:04:13+00:00,"<a href=""http://twitter.com/download/iphone"" rel=""nofollow"">Twitter for iPhone</a>","This is Miguel. He was the only remaining doggo at the adoption center after the weekend. Let's change that. 12/10

https://t.co/P0bO8mCQwN https://t.co/SU4K34NT4M","https://www.petfinder.com/petdetail/34918210,https://twitter.com/dog_rates/status/832032802820481025/photo/1,https://twitter.com/dog_rates/status/832032802820481025/photo/1,https://twitter.com/dog_rates/status/832032802820481025/photo/1,https://twitter.com/dog_rates/status/832032802820481025/photo/1",12,10,Miguel,4746,13887,doggo,whippet
15,,,2017-02-15 18:54:34+00:00,"<a href=""http://twitter.com/download/iphone"" rel=""nofollow"">Twitter for iPhone</a>",This is Emanuel. He's a h*ckin rare doggo. Dwells in a semi-urban environment. Round features make him extra collectible. 12/10 would so pet https://t.co/k9bzgyVdUT,https://twitter.com/dog_rates/status/831939777352105988/photo/1,12,10,Emanuel,7031,26404,doggo,Pomeranian
16,,,2017-02-14 02:02:51+00:00,"<a href=""http://twitter.com/download/iphone"" rel=""nofollow"">Twitter for iPhone</a>",This is Pete. He has no eyes. Needs a guide doggo. Also appears to be considerably fluffy af. 12/10 would hug softly https://t.co/Xc0gyovCtK,https://twitter.com/dog_rates/status/831322785565769729/photo/1,12,10,Pete,1744,10042,doggo,Old_English_sheepdog
17,,,2017-02-08 22:00:52+00:00,"<a href=""http://twitter.com/download/iphone"" rel=""nofollow"">Twitter for iPhone</a>",Here's a stressed doggo. Had a long day. Many things on her mind. The hat communicates these feelings exquisitely. 11/10 https://t.co/fmRS43mWQB,https://twitter.com/dog_rates/status/829449946868879360/photo/1,11,10,,2329,11519,doggo,Labrador_retriever
18,,,2017-02-08 17:00:26+00:00,"<a href=""http://twitter.com/download/iphone"" rel=""nofollow"">Twitter for iPhone</a>",This is Astrid. She's a guide doggo in training. 13/10 would follow anywhere https://t.co/xo7FZFIAao,"https://twitter.com/dog_rates/status/829374341691346946/photo/1,https://twitter.com/dog_rates/status/829374341691346946/photo/1",13,10,Astrid,10706,38074,doggo,Staffordshire_bullterrier
19,,,2017-02-05 23:15:47+00:00,"<a href=""http://twitter.com/download/iphone"" rel=""nofollow"">Twitter for iPhone</a>",Meet Doobert. He's a deaf doggo. Didn't stop him on the field tho. Absolute legend today. 14/10 would pat head approvingly https://t.co/iCk7zstRA9,https://twitter.com/dog_rates/status/828381636999917570/photo/1,14,10,Doobert,2554,13864,doggo,Bedlington_terrier
20,,,2017-02-02 01:01:21+00:00,"<a href=""http://twitter.com/download/iphone"" rel=""nofollow"">Twitter for iPhone</a>",This is Loki. He smiles like Elvis. Ain't nothin but a hound doggo. 12/10 https://t.co/QV5nx6otZR,https://twitter.com/dog_rates/status/826958653328592898/photo/1,12,10,Loki,5757,23767,doggo,golden_retriever
21,,,2017-02-01 17:44:55+00:00,"<a href=""http://twitter.com/download/iphone"" rel=""nofollow"">Twitter for iPhone</a>",This is Cupid. He was found in the trash. Now he's well on his way to prosthetic front legs and a long happy doggo life. 13/10 heroic af https://t.co/WS0Gha8vRh,"https://twitter.com/dog_rates/status/826848821049180160/photo/1,https://twitter.com/dog_rates/status/826848821049180160/photo/1,https://twitter.com/dog_rates/status/826848821049180160/photo/1,https://twitter.com/dog_rates/status/826848821049180160/photo/1",13,10,Cupid,11878,40325,doggo,Great_Pyrenees
22,,,2017-01-31 17:06:32+00:00,"<a href=""http://twitter.com/download/iphone"" rel=""nofollow"">Twitter for iPhone</a>",This is Pilot. He has mastered the synchronized head tilt and sneaky tongue slip. Usually not unlocked until later doggo days. 12/10 https://t.co/YIV8sw8xkh,https://twitter.com/dog_rates/status/826476773533745153/photo/1,12,10,Pilot,4821,20275,doggo,German_shepherd
23,,,2017-01-30 23:05:46+00:00,"<a href=""http://twitter.com/download/iphone"" rel=""nofollow"">Twitter for iPhone</a>","Here's a little more info on Dew, your favorite roaming doggo that went h*ckin viral. 13/10 
https://t.co/1httNYrCeW https://t.co/KvaM8j3jhX","http://us.blastingnews.com/news/2017/01/kentucky-teen-helps-lost-yellow-labrador-and-gets-a-huge-surprise-001431969.html?sbdht=_pM1QUzk3wsenGU1giO7UnJ5NGGiKRW9AD5xs2MkaDpYY13JxbtKE4w2_,https://twitter.com/dog_rates/status/826204788643753985/photo/1,https://twitter.com/dog_rates/status/826204788643753985/photo/1,https://twitter.com/dog_rates/status/826204788643753985/photo/1,https://twitter.com/dog_rates/status/826204788643753985/photo/1",13,10,,1075,5361,doggo,Labrador_retriever
24,,,2017-01-18 17:07:18+00:00,"<a href=""http://twitter.com/download/iphone"" rel=""nofollow"">Twitter for iPhone</a>",This is Duchess. She uses dark doggo forces to levitate her toys. 13/10 magical af https://t.co/maDNMETA52,https://twitter.com/dog_rates/status/821765923262631936/photo/1,13,10,Duchess,1899,9317,doggo,golden_retriever
25,,,2017-01-17 17:21:47+00:00,"<a href=""http://twitter.com/download/iphone"" rel=""nofollow"">Twitter for iPhone</a>",This is Sundance. He's a doggo drummer. Even sings a bit on the side. 14/10 entertained af (vid by @sweetsundance) https://t.co/Xn5AQtiqzG,https://twitter.com/dog_rates/status/821407182352777218/video/1,14,10,Sundance,5053,13075,doggo,Irish_setter
26,,,2017-01-16 21:32:06+00:00,"<a href=""http://twitter.com/download/iphone"" rel=""nofollow"">Twitter for iPhone</a>",Here's a doggo who looks like he's about to give you a list of mythical ingredients to go collect for his potion. 11/10 would obey https://t.co/8SiwKDlRcl,https://twitter.com/dog_rates/status/821107785811234820/photo/1,11,10,,2487,10645,doggo,Pomeranian
27,,,2017-01-11 02:15:36+00:00,"<a href=""http://twitter.com/download/iphone"" rel=""nofollow"">Twitter for iPhone</a>",This is Bo. He was a very good First Doggo. 14/10 would be an absolute honor to pet https://t.co/AdPKrI8BZ1,"https://twitter.com/dog_rates/status/819004803107983360/photo/1,https://twitter.com/dog_rates/status/819004803107983360/photo/1,https://twitter.com/dog_rates/status/819004803107983360/photo/1,https://twitter.com/dog_rates/status/819004803107983360/photo/1",14,10,Bo,42228,95450,doggo,standard_poodle
28,,,2017-01-07 16:59:28+00:00,"<a href=""http://twitter.com/download/iphone"" rel=""nofollow"">Twitter for iPhone</a>","This is Dido. She's playing the lead role in ""Pupper Stops to Catch Snow Before Resuming Shadow Box with Dried Apple."" 13/10 (IG: didodoggo) https://t.co/m7isZrOBX7",https://twitter.com/dog_rates/status/817777686764523521/video/1,13,10,Dido,3084,11901,doggo,curly-coated_retriever
29,,,2017-01-07 16:59:28+00:00,"<a href=""http://twitter.com/download/iphone"" rel=""nofollow"">Twitter for iPhone</a>","This is Dido. She's playing the lead role in ""Pupper Stops to Catch Snow Before Resuming Shadow Box with Dried Apple."" 13/10 (IG: didodoggo) https://t.co/m7isZrOBX7",https://twitter.com/dog_rates/status/817777686764523521/video/1,13,10,Dido,3084,11901,pupper,curly-coated_retriever
30,,,2016-12-28 00:52:25+00:00,"<a href=""http://twitter.com/download/iphone"" rel=""nofollow"">Twitter for iPhone</a>",This is Chubbs. He dug a hole and now he's stuck in it. Dang h*ckin doggo. 11/10 would assist https://t.co/z1VRj1cYZf,https://twitter.com/dog_rates/status/813910438903693312/photo/1,11,10,Chubbs,2194,10342,doggo,Siberian_husky
31,,,2016-12-26 02:00:11+00:00,"<a href=""http://twitter.com/download/iphone"" rel=""nofollow"">Twitter for iPhone</a>",Here's a doggo who has concluded that Christmas is entirely too bright. Requests you tone it down a notch. 11/10 https://t.co/cD967DjnIn,https://twitter.com/dog_rates/status/813202720496779264/photo/1,11,10,,2090,10192,doggo,cocker_spaniel
32,,,2016-12-25 21:00:18+00:00,"<a href=""http://twitter.com/download/iphone"" rel=""nofollow"">Twitter for iPhone</a>",Here's an anonymous doggo that appears to be very done with Christmas. 11/10 cheer up pup https://t.co/BzITyGw3JA,"https://twitter.com/dog_rates/status/813127251579564032/photo/1,https://twitter.com/dog_rates/status/813127251579564032/photo/1",11,10,,3652,13242,doggo,Norwegian_elkhound
33,,,2016-12-25 19:00:02+00:00,"<a href=""http://twitter.com/download/iphone"" rel=""nofollow"">Twitter for iPhone</a>",This is Rocky. He got triple-doggo-dared. Stuck af. 11/10 someone help him https://t.co/soNL00XWVu,https://twitter.com/dog_rates/status/813096984823349248/photo/1,11,10,Rocky,4207,11694,doggo,Great_Dane
34,,,2016-12-12 00:29:28+00:00,"<a href=""http://twitter.com/download/iphone"" rel=""nofollow"">Twitter for iPhone</a>",Here we have Burke (pupper) and Dexter (doggo). Pupper wants to be exactly like doggo. Both 12/10 would pet at same time https://t.co/ANBpEYHaho,https://twitter.com/dog_rates/status/808106460588765185/photo/1,12,10,,2525,9701,doggo,golden_retriever
35,,,2016-12-12 00:29:28+00:00,"<a href=""http://twitter.com/download/iphone"" rel=""nofollow"">Twitter for iPhone</a>",Here we have Burke (pupper) and Dexter (doggo). Pupper wants to be exactly like doggo. Both 12/10 would pet at same time https://t.co/ANBpEYHaho,https://twitter.com/dog_rates/status/808106460588765185/photo/1,12,10,,2525,9701,pupper,golden_retriever
36,7.33109485275861e+17,4196983835.0,2016-11-25 21:37:47+00:00,"<a href=""http://twitter.com/download/iphone"" rel=""nofollow"">Twitter for iPhone</a>","Like doggo, like pupper version 2. Both 11/10 https://t.co/9IxWAXFqze",https://twitter.com/dog_rates/status/802265048156610565/photo/1,11,10,,1573,7039,doggo,Labrador_retriever
37,7.33109485275861e+17,4196983835.0,2016-11-25 21:37:47+00:00,"<a href=""http://twitter.com/download/iphone"" rel=""nofollow"">Twitter for iPhone</a>","Like doggo, like pupper version 2. Both 11/10 https://t.co/9IxWAXFqze",https://twitter.com/dog_rates/status/802265048156610565/photo/1,11,10,,1573,7039,pupper,Labrador_retriever
38,,,2016-11-22 17:28:25+00:00,"<a href=""http://twitter.com/download/iphone"" rel=""nofollow"">Twitter for iPhone</a>",This is Bones. He's being haunted by another doggo of roughly the same size. 12/10 deep breaths pupper everything's fine https://t.co/55Dqe0SJNj,"https://twitter.com/dog_rates/status/801115127852503040/photo/1,https://twitter.com/dog_rates/status/801115127852503040/photo/1",12,10,Bones,2429,8992,doggo,dalmatian
39,,,2016-11-22 17:28:25+00:00,"<a href=""http://twitter.com/download/iphone"" rel=""nofollow"">Twitter for iPhone</a>",This is Bones. He's being haunted by another doggo of roughly the same size. 12/10 deep breaths pupper everything's fine https://t.co/55Dqe0SJNj,"https://twitter.com/dog_rates/status/801115127852503040/photo/1,https://twitter.com/dog_rates/status/801115127852503040/photo/1",12,10,Bones,2429,8992,pupper,dalmatian
40,,,2016-11-18 23:35:32+00:00,"<a href=""http://twitter.com/download/iphone"" rel=""nofollow"">Twitter for iPhone</a>",This is Sobe. She's a h*ckin happy doggo. Only one leg tho. Must have good balance. 13/10 would smile back https://t.co/OiH8PaOxB1,"https://twitter.com/dog_rates/status/799757965289017345/photo/1,https://twitter.com/dog_rates/status/799757965289017345/photo/1,https://twitter.com/dog_rates/status/799757965289017345/photo/1,https://twitter.com/dog_rates/status/799757965289017345/photo/1",13,10,Sobe,2506,9390,doggo,Border_collie
41,,,2016-11-09 22:49:15+00:00,"<a href=""http://twitter.com/download/iphone"" rel=""nofollow"">Twitter for iPhone</a>",Here's a sleepy doggo that requested some assistance. 12/10 would carry everywhere https://t.co/bvkkqOjNDV,https://twitter.com/dog_rates/status/796484825502875648/photo/1,12,10,,2042,8472,doggo,cocker_spaniel
42,,,2016-11-07 03:14:10+00:00,"<a href=""http://twitter.com/download/iphone"" rel=""nofollow"">Twitter for iPhone</a>",Elder doggo does a splash. Both 13/10 incredible stuff https://t.co/gBUDjdEcqz,https://twitter.com/dog_rates/status/795464331001561088/video/1,13,10,,27728,55683,doggo,golden_retriever
43,,,2016-10-13 00:29:39+00:00,"<a href=""http://twitter.com/download/iphone"" rel=""nofollow"">Twitter for iPhone</a>",This is Rizzo. He has many talents. A true renaissance doggo. 13/10 entertaining af https://t.co/TVXpEJB7Wn,"https://twitter.com/dog_rates/status/786363235746385920/photo/1,https://twitter.com/dog_rates/status/786363235746385920/photo/1,https://twitter.com/dog_rates/status/786363235746385920/photo/1,https://twitter.com/dog_rates/status/786363235746385920/photo/1",13,10,Rizzo,4072,12189,doggo,golden_retriever
44,,,2016-10-03 01:00:34+00:00,"<a href=""http://twitter.com/download/iphone"" rel=""nofollow"">Twitter for iPhone</a>",This is Deacon. He's the happiest almost dry doggo I've ever seen. 11/10 would smile back https://t.co/C6fUMnHt1H,https://twitter.com/dog_rates/status/782747134529531904/photo/1,11,10,Deacon,1604,8310,doggo,golden_retriever
45,,,2016-10-01 19:47:08+00:00,"<a href=""http://twitter.com/download/iphone"" rel=""nofollow"">Twitter for iPhone</a>",This is Sampson. He just graduated. Ready to be a doggo now. Time for the real world. 12/10 have fun with taxes https://t.co/pgVKxRw0s1,"https://twitter.com/dog_rates/status/782305867769217024/photo/1,https://twitter.com/dog_rates/status/782305867769217024/photo/1,https://twitter.com/dog_rates/status/782305867769217024/photo/1",12,10,Sampson,6470,18630,doggo,briard
46,,,2016-09-12 16:05:54+00:00,"<a href=""http://twitter.com/download/iphone"" rel=""nofollow"">Twitter for iPhone</a>",This is Finley. He's an independent doggo still adjusting to life on his own. 11/10 https://t.co/7FNcBaKbci,"https://twitter.com/dog_rates/status/775364825476165632/photo/1,https://twitter.com/dog_rates/status/775364825476165632/photo/1,https://twitter.com/dog_rates/status/775364825476165632/photo/1,https://twitter.com/dog_rates/status/775364825476165632/photo/1",11,10,Finley,3472,8295,doggo,beagle
47,,,2016-08-03 17:43:45+00:00,"<a href=""http://twitter.com/download/iphone"" rel=""nofollow"">Twitter for iPhone</a>",This is Wishes. He has the day off. Daily struggles of being a doggo have finally caught up with him. 11/10 https://t.co/H9YgrUkYwa,https://twitter.com/dog_rates/status/760893934457552897/photo/1,11,10,Wishes,1104,4228,doggo,Blenheim_spaniel
48,,,2016-07-31 16:50:42+00:00,"<a href=""http://twitter.com/download/iphone"" rel=""nofollow"">Twitter for iPhone</a>","Meet Maggie &amp; Lila. Maggie is the doggo, Lila is the pupper. They are sisters. Both 12/10 would pet at the same time https://t.co/MYwR4DQKll","https://twitter.com/dog_rates/status/759793422261743616/photo/1,https://twitter.com/dog_rates/status/759793422261743616/photo/1",12,10,Maggie,2173,6620,doggo,golden_retriever
49,,,2016-07-31 16:50:42+00:00,"<a href=""http://twitter.com/download/iphone"" rel=""nofollow"">Twitter for iPhone</a>","Meet Maggie &amp; Lila. Maggie is the doggo, Lila is the pupper. They are sisters. Both 12/10 would pet at the same time https://t.co/MYwR4DQKll","https://twitter.com/dog_rates/status/759793422261743616/photo/1,https://twitter.com/dog_rates/status/759793422261743616/photo/1",12,10,Maggie,2173,6620,pupper,golden_retriever
50,,,2016-07-29 00:57:05+00:00,"<a href=""http://twitter.com/download/iphone"" rel=""nofollow"">Twitter for iPhone</a>",This doggo is just waiting for someone to be proud of her and her accomplishment. 13/10 legendary af https://t.co/9T2h14yn4Q,https://twitter.com/dog_rates/status/758828659922702336/photo/1,13,10,,4376,12376,doggo,Chesapeake_Bay_retriever
51,,,2016-07-25 01:52:43+00:00,"<a href=""http://twitter.com/download/iphone"" rel=""nofollow"">Twitter for iPhone</a>",Here's a doggo completely oblivious to the double rainbow behind him. 10/10 someone tell him https://t.co/OfvRoD6ndV,"https://twitter.com/dog_rates/status/757393109802180609/photo/1,https://twitter.com/dog_rates/status/757393109802180609/photo/1,https://twitter.com/dog_rates/status/757393109802180609/photo/1,https://twitter.com/dog_rates/status/757393109802180609/photo/1",10,10,,2009,6462,doggo,Labrador_retriever
52,,,2016-07-12 01:52:49+00:00,"<a href=""http://twitter.com/download/iphone"" rel=""nofollow"">Twitter for iPhone</a>",Nothing better than a doggo and a sunset. 10/10 majestic af https://t.co/xVSodF19PS,"https://twitter.com/dog_rates/status/752682090207055872/photo/1,https://twitter.com/dog_rates/status/752682090207055872/photo/1",10,10,,1846,6642,doggo,German_shepherd
53,,,2016-07-11 02:51:40+00:00,"<a href=""http://twitter.com/download/iphone"" rel=""nofollow"">Twitter for iPhone</a>",Here's a doggo trying to catch some fish. 8/10 futile af (vid by @KellyBauerx) https://t.co/jwd0j6oWLE,https://twitter.com/dog_rates/status/752334515931054080/video/1,8,10,,1263,4238,doggo,Bedlington_terrier
54,,,2016-07-09 01:08:47+00:00,"<a href=""http://twitter.com/download/iphone"" rel=""nofollow"">Twitter for iPhone</a>",Please stop sending it pictures that don't even have a doggo or pupper in them. Churlish af. 5/10 neat couch tho https://t.co/u2c9c7qSg8,https://twitter.com/dog_rates/status/751583847268179968/photo/1,5,10,,1265,4849,doggo,dalmatian
55,,,2016-07-09 01:08:47+00:00,"<a href=""http://twitter.com/download/iphone"" rel=""nofollow"">Twitter for iPhone</a>",Please stop sending it pictures that don't even have a doggo or pupper in them. Churlish af. 5/10 neat couch tho https://t.co/u2c9c7qSg8,https://twitter.com/dog_rates/status/751583847268179968/photo/1,5,10,,1265,4849,pupper,dalmatian
56,,,2016-07-01 17:33:49+00:00,"<a href=""http://twitter.com/download/iphone"" rel=""nofollow"">Twitter for iPhone</a>",Say hello to Divine Doggo. Must be magical af. 13/10 would be an honor to pet https://t.co/BbcABzohKb,https://twitter.com/dog_rates/status/748932637671223296/photo/1,13,10,Divine,2564,6461,doggo,borzoi
57,,,2016-06-18 18:26:18+00:00,"<a href=""http://twitter.com/download/iphone"" rel=""nofollow"">Twitter for iPhone</a>",Here's a doggo realizing you can stand in a pool. 13/10 enlightened af (vid by Tina Conrad) https://t.co/7wE9LTEXC4,https://twitter.com/dog_rates/status/744234799360020481/video/1,13,10,,79515,131075,doggo,Labrador_retriever
58,,,2016-06-10 00:39:48+00:00,"<a href=""http://twitter.com/download/iphone"" rel=""nofollow"">Twitter for iPhone</a>",This is just downright precious af. 12/10 for both pupper and doggo https://t.co/o5J479bZUC,https://twitter.com/dog_rates/status/741067306818797568/photo/1,12,10,just,3520,10342,doggo,golden_retriever
59,,,2016-06-10 00:39:48+00:00,"<a href=""http://twitter.com/download/iphone"" rel=""nofollow"">Twitter for iPhone</a>",This is just downright precious af. 12/10 for both pupper and doggo https://t.co/o5J479bZUC,https://twitter.com/dog_rates/status/741067306818797568/photo/1,12,10,just,3520,10342,pupper,golden_retriever
60,,,2016-06-04 23:31:25+00:00,"<a href=""http://twitter.com/download/iphone"" rel=""nofollow"">Twitter for iPhone</a>",Here's a doggo blowing bubbles. It's downright legendary. 13/10 would watch on repeat forever (vid by Kent Duryee) https://t.co/YcXgHfp1EC,https://twitter.com/dog_rates/status/739238157791694849/video/1,13,10,,52360,75163,doggo,Eskimo_dog
61,,,2016-05-24 23:47:49+00:00,"<a href=""http://twitter.com/download/iphone"" rel=""nofollow"">Twitter for iPhone</a>",This is Kellogg. He accidentally opened the front facing camera. 8/10 get it together doggo https://t.co/MRYv7nDPyS,https://twitter.com/dog_rates/status/735256018284875776/photo/1,8,10,Kellogg,993,3675,doggo,Staffordshire_bullterrier
62,,,2016-05-19 01:38:16+00:00,"<a href=""http://twitter.com/download/iphone"" rel=""nofollow"">Twitter for iPhone</a>","Like father (doggo), like son (pupper). Both 12/10 https://t.co/pG2inLaOda",https://twitter.com/dog_rates/status/733109485275860992/photo/1,12,10,,17621,44619,doggo,golden_retriever
63,,,2016-05-19 01:38:16+00:00,"<a href=""http://twitter.com/download/iphone"" rel=""nofollow"">Twitter for iPhone</a>","Like father (doggo), like son (pupper). Both 12/10 https://t.co/pG2inLaOda",https://twitter.com/dog_rates/status/733109485275860992/photo/1,12,10,,17621,44619,pupper,golden_retriever
64,,,2016-05-03 23:42:26+00:00,"<a href=""http://twitter.com/download/iphone"" rel=""nofollow"">Twitter for iPhone</a>",Here's a doggo struggling to cope with the winds. 13/10 https://t.co/qv3aUwaouT,"https://twitter.com/dog_rates/status/727644517743104000/photo/1,https://twitter.com/dog_rates/status/727644517743104000/photo/1",13,10,,1962,6431,doggo,Great_Pyrenees
65,,,2016-04-26 01:26:53+00:00,"<a href=""http://twitter.com/download/iphone"" rel=""nofollow"">Twitter for iPhone</a>",Nothin better than a doggo and a sunset. 11/10 https://t.co/JlFqOhrHEs,"https://twitter.com/dog_rates/status/724771698126512129/photo/1,https://twitter.com/dog_rates/status/724771698126512129/photo/1,https://twitter.com/dog_rates/status/724771698126512129/photo/1,https://twitter.com/dog_rates/status/724771698126512129/photo/1",11,10,,725,2593,doggo,German_short-haired_pointer
66,,,2016-04-12 20:50:42+00:00,"<a href=""http://twitter.com/download/iphone"" rel=""nofollow"">Twitter for iPhone</a>",This doggo was initially thrilled when she saw the happy cartoon pup but quickly realized she'd been deceived. 10/10 https://t.co/mvnBGaWULV,"https://twitter.com/dog_rates/status/719991154352222208/photo/1,https://twitter.com/dog_rates/status/719991154352222208/photo/1",10,10,,1979,5281,doggo,golden_retriever
67,,,2016-04-02 01:52:38+00:00,"<a href=""http://twitter.com/download/iphone"" rel=""nofollow"">Twitter for iPhone</a>",Here's a super majestic doggo and a sunset 11/10 https://t.co/UACnoyi8zu,"https://twitter.com/dog_rates/status/716080869887381504/photo/1,https://twitter.com/dog_rates/status/716080869887381504/photo/1",11,10,,1935,5272,doggo,golden_retriever
68,,,2017-07-07 16:22:55+00:00,"<a href=""http://twitter.com/download/iphone"" rel=""nofollow"">Twitter for iPhone</a>",Meet Grizzwald. He may be the floofiest floofer I ever did see. Lost eyes saving a schoolbus from a volcano erpuption. 13/10 heroic as h*ck https://t.co/rf661IFEYP,https://twitter.com/dog_rates/status/883360690899218434/photo/1,13,10,Grizzwald,3825,22986,floofer,chow
69,,,2016-11-20 17:20:08+00:00,"<a href=""http://twitter.com/download/iphone"" rel=""nofollow"">Twitter for iPhone</a>",This is Doc. He takes time out of every day to worship our plant overlords. 12/10 quite the floofer https://t.co/azMneS6Ly5,"https://twitter.com/dog_rates/status/800388270626521089/photo/1,https://twitter.com/dog_rates/status/800388270626521089/photo/1,https://twitter.com/dog_rates/status/800388270626521089/photo/1",12,10,Doc,3265,12456,floofer,golden_retriever
70,,,2016-09-15 00:36:55+00:00,"<a href=""http://twitter.com/download/iphone"" rel=""nofollow"">Twitter for iPhone</a>",Atlas rolled around in some chalk and now he's a magical rainbow floofer. 13/10 please never take a bath https://t.co/nzqTNw0744,"https://twitter.com/dog_rates/status/776218204058357768/photo/1,https://twitter.com/dog_rates/status/776218204058357768/photo/1,https://twitter.com/dog_rates/status/776218204058357768/photo/1",13,10,,18497,33345,floofer,Samoyed
71,,,2016-07-02 19:01:20+00:00,"<a href=""http://twitter.com/download/iphone"" rel=""nofollow"">Twitter for iPhone</a>",This is Blu. He's a wild bush Floofer. I wish anything made me as happy as bushes make Blu. 12/10 would frolic with https://t.co/HHUAnBb6QB,https://twitter.com/dog_rates/status/749317047558017024/video/1,12,10,Blu,2509,6076,floofer,wire-haired_fox_terrier
72,,,2016-05-31 00:49:32+00:00,"<a href=""http://twitter.com/download/iphone"" rel=""nofollow"">Twitter for iPhone</a>",Just wanted to share this super rare Rainbow Floofer in case you guys haven't seen it yet. 13/10 colorful af https://t.co/CaG9MzD3WT,https://twitter.com/dog_rates/status/737445876994609152/photo/1,13,10,,5048,11302,floofer,Samoyed
73,,,2016-05-21 00:50:46+00:00,"<a href=""http://twitter.com/download/iphone"" rel=""nofollow"">Twitter for iPhone</a>",This is Moose. He's a Polynesian Floofer. Dapper af. 10/10 would pet diligently https://t.co/mVfqRdppTL,https://twitter.com/dog_rates/status/733822306246479872/photo/1,10,10,Moose,1141,4015,floofer,Lhasa
74,,,2016-01-08 03:50:03+00:00,"<a href=""http://twitter.com/download/iphone"" rel=""nofollow"">Twitter for iPhone</a>",Say hello to Petrick. He's an Altostratus Floofer. Just had a run in with a trash bag. Groovy checkered floor. 11/10 https://t.co/rwW7z1JAOF,https://twitter.com/dog_rates/status/685307451701334016/photo/1,11,10,Petrick,496,2262,floofer,Pomeranian
75,,,2017-07-15 23:25:31+00:00,"<a href=""http://twitter.com/download/iphone"" rel=""nofollow"">Twitter for iPhone</a>",This is Roscoe. Another pupper fallen victim to spontaneous tongue ejections. Get the BlepiPen immediate. 12/10 deep breaths Roscoe https://t.co/RGE08MIJox,"https://twitter.com/dog_rates/status/886366144734445568/photo/1,https://twitter.com/dog_rates/status/886366144734445568/photo/1",12,10,Roscoe,3316,21524,pupper,French_bulldog
76,,,2017-07-06 00:46:41+00:00,"<a href=""http://twitter.com/download/iphone"" rel=""nofollow"">Twitter for iPhone</a>",This is Gus. He's quite the cheeky pupper. Already perfected the disinterested wink. 12/10 would let steal my girl https://t.co/D43I96SlVu,https://twitter.com/dog_rates/status/882762694511734784/photo/1,12,10,Gus,5134,28903,pupper,Labrador_retriever
77,,,2017-07-02 15:32:16+00:00,"<a href=""http://twitter.com/download/iphone"" rel=""nofollow"">Twitter for iPhone</a>","Here is a pupper approaching maximum borkdrive. Zooming at never before seen speeds. 14/10 paw-inspiring af 
(IG: puffie_the_chow) https://t.co/ghXBIIeQZF",https://twitter.com/dog_rates/status/881536004380872706/video/1,14,10,a,16570,50199,pupper,Samoyed
78,,,2017-06-19 16:24:33+00:00,"<a href=""http://twitter.com/download/iphone"" rel=""nofollow"">Twitter for iPhone</a>",This is Ginger. She's having a ruff Monday. Too many pupper things going on. H*ckin exhausting. 12/10 would snug passionately https://t.co/j211oCDRs6,"https://twitter.com/dog_rates/status/876838120628539392/photo/1,https://twitter.com/dog_rates/status/876838120628539392/photo/1",12,10,Ginger,3506,21125,pupper,bloodhound
79,,,2017-06-12 16:06:11+00:00,"<a href=""http://twitter.com/download/iphone"" rel=""nofollow"">Twitter for iPhone</a>",This is Jed. He may be the fanciest pupper in the game right now. Knows it too. 13/10 would sign modeling contract https://t.co/0YplNnSMEm,https://twitter.com/dog_rates/status/874296783580663808/photo/1,13,10,Jed,4308,26651,pupper,cocker_spaniel
80,,,2017-06-09 16:22:42+00:00,"<a href=""http://twitter.com/download/iphone"" rel=""nofollow"">Twitter for iPhone</a>","This is Sierra. She's one precious pupper. Absolute 12/10. Been in and out of ICU her whole life. Help Sierra below

https://t.co/Xp01EU3qyD https://t.co/V5lkvrGLdQ","https://www.gofundme.com/help-my-baby-sierra-get-better,https://twitter.com/dog_rates/status/873213775632977920/photo/1,https://twitter.com/dog_rates/status/873213775632977920/photo/1",12,10,Sierra,1667,7467,pupper,vizsla
81,,,2017-06-05 16:15:56+00:00,"<a href=""http://twitter.com/download/iphone"" rel=""nofollow"">Twitter for iPhone</a>",This is Rover. As part of pupper protocol he had to at least attempt to eat the plant. Confirmed not tasty. Needs peanut butter. 12/10 https://t.co/AiVljI6QCg,"https://twitter.com/dog_rates/status/871762521631449091/photo/1,https://twitter.com/dog_rates/status/871762521631449091/photo/1,https://twitter.com/dog_rates/status/871762521631449091/photo/1",12,10,Rover,3678,20787,pupper,Labrador_retriever
82,,,2017-05-22 00:28:40+00:00,"<a href=""http://twitter.com/download/iphone"" rel=""nofollow"">Twitter for iPhone</a>","This is Jamesy. He gives a kiss to every other pupper he sees on his walk. 13/10 such passion, much tender https://t.co/wk7TfysWHr","https://twitter.com/dog_rates/status/866450705531457537/photo/1,https://twitter.com/dog_rates/status/866450705531457537/photo/1",13,10,Jamesy,32883,106827,pupper,French_bulldog
83,,,2017-04-17 23:52:16+00:00,"<a href=""http://twitter.com/download/iphone"" rel=""nofollow"">Twitter for iPhone</a>",Sometimes you guys remind me just how impactful a pupper can be. Cooper will be remembered as a good boy by so many. 14/10 rest easy friend https://t.co/oBL7LEJEzR,"https://twitter.com/dog_rates/status/854120357044912130/photo/1,https://twitter.com/dog_rates/status/854120357044912130/photo/1,https://twitter.com/dog_rates/status/854120357044912130/photo/1,https://twitter.com/dog_rates/status/854120357044912130/photo/1",14,10,,8285,33911,pupper,black-and-tan_coonhound
84,,,2017-04-06 16:18:05+00:00,"<a href=""http://twitter.com/download/iphone"" rel=""nofollow"">Twitter for iPhone</a>",Say hello to Boomer. He's a sandy pupper. Having a h*ckin blast. 12/10 would pet passionately https://t.co/ecb3LvExde,"https://twitter.com/dog_rates/status/850019790995546112/photo/1,https://twitter.com/dog_rates/status/850019790995546112/photo/1,https://twitter.com/dog_rates/status/850019790995546112/photo/1",12,10,Boomer,5459,21944,pupper,Shetland_sheepdog
85,,,2017-03-24 16:10:40+00:00,"<a href=""http://twitter.com/download/iphone"" rel=""nofollow"">Twitter for iPhone</a>",This is Pickles. She's a silly pupper. Thinks she's a dish. 12/10 would dry https://t.co/7mPCF4ZwEk,https://twitter.com/dog_rates/status/845306882940190720/photo/1,12,10,Pickles,6039,25225,pupper,Irish_water_spaniel
86,,,2017-03-04 00:21:08+00:00,"<a href=""http://twitter.com/download/iphone"" rel=""nofollow"">Twitter for iPhone</a>","Here's a pupper before and after being asked ""who's a good girl?"" Unsure as h*ck. 12/10 hint hint it's you https://t.co/ORiK6jlgdH","https://twitter.com/dog_rates/status/837820167694528512/photo/1,https://twitter.com/dog_rates/status/837820167694528512/photo/1",12,10,,8952,37277,pupper,golden_retriever
87,,,2017-03-02 01:20:01+00:00,"<a href=""http://twitter.com/download/iphone"" rel=""nofollow"">Twitter for iPhone</a>",This is Clark. He passed pupper training today. Round of appaws for Clark. 13/10 https://t.co/7pUjwe8X6B,https://twitter.com/dog_rates/status/837110210464448512/photo/1,13,10,Clark,2731,17480,pupper,Siberian_husky
88,,,2017-02-19 01:23:00+00:00,"<a href=""http://twitter.com/download/iphone"" rel=""nofollow"">Twitter for iPhone</a>",This is Gidget. She's a spy pupper. Stealthy as h*ck. Must've slipped pup and got caught. 12/10 would forgive then pet https://t.co/zD97KYFaFa,"https://twitter.com/dog_rates/status/833124694597443584/photo/1,https://twitter.com/dog_rates/status/833124694597443584/photo/1,https://twitter.com/dog_rates/status/833124694597443584/photo/1",12,10,Gidget,5513,22133,pupper,Cardigan
89,,,2017-02-14 01:35:49+00:00,"<a href=""http://twitter.com"" rel=""nofollow"">Twitter Web Client</a>",I couldn't make it to the #WKCDogShow BUT I have people there on the ground relaying me the finest pupper pics possible. 13/10 for all https://t.co/jd6lYhfdH4,"https://twitter.com/dog_rates/status/831315979191906304/photo/1,https://twitter.com/dog_rates/status/831315979191906304/photo/1,https://twitter.com/dog_rates/status/831315979191906304/photo/1,https://twitter.com/dog_rates/status/831315979191906304/photo/1",13,10,,1264,7117,pupper,briard
90,,,2017-02-04 17:34:40+00:00,"<a href=""http://twitter.com/download/iphone"" rel=""nofollow"">Twitter for iPhone</a>",This is Kona. Yesterday she stopped by the department to see what it takes to be a police pupper. 12/10 vest was only a smidge too big https://t.co/j8D3PQJvpJ,"https://twitter.com/dog_rates/status/827933404142436356/photo/1,https://twitter.com/dog_rates/status/827933404142436356/photo/1,https://twitter.com/dog_rates/status/827933404142436356/photo/1",12,10,Kona,5987,22180,pupper,German_shepherd
91,,,2017-01-25 18:38:36+00:00,"<a href=""http://twitter.com/download/iphone"" rel=""nofollow"">Twitter for iPhone</a>",Retweet the h*ck out of this 13/10 pupper #BellLetsTalk https://t.co/wBmc7OaGvS,https://twitter.com/dog_rates/status/824325613288833024/photo/1,13,10,,11848,12999,pupper,Pembroke
92,,,2017-01-20 15:17:01+00:00,"<a href=""http://twitter.com/download/iphone"" rel=""nofollow"">Twitter for iPhone</a>","This is Gabe. He was the unequivocal embodiment of a dream meme, but also one h*ck of a pupper. You will be missed by so many. 14/10 RIP https://t.co/M3hZGadUuO","https://twitter.com/dog_rates/status/822462944365645825/photo/1,https://twitter.com/dog_rates/status/822462944365645825/photo/1,https://twitter.com/dog_rates/status/822462944365645825/photo/1,https://twitter.com/dog_rates/status/822462944365645825/photo/1",14,10,Gabe,17209,31800,pupper,Pomeranian
93,,,2017-01-02 17:00:46+00:00,"<a href=""http://twitter.com/download/iphone"" rel=""nofollow"">Twitter for iPhone</a>",Here's a pupper with squeaky hiccups. Please enjoy. 13/10 https://t.co/MiMKtsLN6k,https://twitter.com/dog_rates/status/815966073409433600/video/1,13,10,,9907,25057,pupper,Tibetan_mastiff
94,,,2016-12-31 00:08:17+00:00,"<a href=""http://twitter.com/download/iphone"" rel=""nofollow"">Twitter for iPhone</a>",This is Cooper. Someone attacked him with a sharpie. Poor pupper. 11/10 nifty tongue slip tho https://t.co/01vpuRDXQ8,https://twitter.com/dog_rates/status/814986499976527872/photo/1,11,10,Cooper,1505,8485,pupper,dalmatian
95,,,2016-12-21 01:44:13+00:00,"<a href=""http://twitter.com/download/iphone"" rel=""nofollow"">Twitter for iPhone</a>",This is Craig. That's actually a normal sized fence he's stuck on. H*ckin massive pupper. 11/10 someone help him https://t.co/aAUXzoxaBy,https://twitter.com/dog_rates/status/811386762094317568/photo/1,11,10,Craig,7444,23302,pupper,Pembroke
96,,,2016-12-10 16:22:02+00:00,"<a href=""http://twitter.com/download/iphone"" rel=""nofollow"">Twitter for iPhone</a>",This is Ollie Vue. He was a 3 legged pupper on a mission to overcome everything. This is very hard to write. 14/10 we will miss you Ollie https://t.co/qTRY2qX9y4,"https://twitter.com/dog_rates/status/807621403335917568/photo/1,https://twitter.com/dog_rates/status/807621403335917568/photo/1,https://twitter.com/dog_rates/status/807621403335917568/photo/1,https://twitter.com/dog_rates/status/807621403335917568/photo/1",14,10,Ollie,4288,16236,pupper,golden_retriever
97,,,2016-11-29 16:33:36+00:00,"<a href=""http://twitter.com/download/iphone"" rel=""nofollow"">Twitter for iPhone</a>",Pupper hath acquire enemy. 13/10 https://t.co/ns9qoElfsX,https://twitter.com/dog_rates/status/803638050916102144/video/1,13,10,,4828,12270,pupper,Labrador_retriever
98,,,2016-11-14 01:18:12+00:00,"<a href=""http://twitter.com/download/iphone"" rel=""nofollow"">Twitter for iPhone</a>",Here's a helicopter pupper. He takes off at random. H*ckin hard to control. 12/10 rare af https://t.co/GRWPgNKt2z,"https://twitter.com/dog_rates/status/797971864723324932/photo/1,https://twitter.com/dog_rates/status/797971864723324932/photo/1",12,10,,3652,13018,pupper,American_Staffordshire_terrier
99,,,2016-09-20 01:12:28+00:00,"<a href=""http://twitter.com/download/iphone"" rel=""nofollow"">Twitter for iPhone</a>",Evolution of a pupper yawn featuring Max. 12/10 groundbreaking stuff https://t.co/t8Y4x9DmVD,"https://twitter.com/dog_rates/status/778039087836069888/photo/1,https://twitter.com/dog_rates/status/778039087836069888/photo/1,https://twitter.com/dog_rates/status/778039087836069888/photo/1,https://twitter.com/dog_rates/status/778039087836069888/photo/1",12,10,,3065,9417,pupper,German_shepherd
100,,,2016-09-20 00:24:34+00:00,"<a href=""http://twitter.com/download/iphone"" rel=""nofollow"">Twitter for iPhone</a>",This is Sophie. She's a Jubilant Bush Pupper. Super h*ckin rare. Appears at random just to smile at the locals. 11.27/10 would smile back https://t.co/QFaUiIHxHq,https://twitter.com/dog_rates/status/778027034220126208/photo/1,27,10,Sophie,1885,7320,pupper,clumber
101,,,2016-09-15 17:48:25+00:00,"<a href=""http://twitter.com/download/iphone"" rel=""nofollow"">Twitter for iPhone</a>",This is Huck. He's addicted to caffeine. Hope it's not too latte to seek help. 11/10 stay strong pupper https://t.co/iJE3F0VozW,"https://twitter.com/dog_rates/status/776477788987613185/photo/1,https://twitter.com/dog_rates/status/776477788987613185/photo/1",11,10,Huck,3249,9858,pupper,Labrador_retriever
102,,,2016-09-07 15:44:53+00:00,"<a href=""http://twitter.com/download/iphone"" rel=""nofollow"">Twitter for iPhone</a>",This is Chelsea. She forgot how to dog. 11/10 get it together pupper https://t.co/nBJ5RE4yHb,https://twitter.com/dog_rates/status/773547596996571136/photo/1,11,10,Chelsea,7126,24553,pupper,Norwegian_elkhound
103,,,2016-09-03 22:02:38+00:00,"<a href=""http://twitter.com/download/iphone"" rel=""nofollow"">Twitter for iPhone</a>",This is Willem. He's a Penn State pupper. Thinks the hood makes him more intimidating. It doesn't. 12/10 https://t.co/Dp0s7MRIHK,https://twitter.com/dog_rates/status/772193107915964416/photo/1,12,10,Willem,1612,6665,pupper,Pembroke
104,,,2016-08-16 02:14:15+00:00,"<a href=""http://twitter.com/download/iphone"" rel=""nofollow"">Twitter for iPhone</a>",This is Louie. He's had a long day. Did a lot of pupper things. Also appears to be rather heckin pettable. 11/10 https://t.co/w2qDmoTIZ5,"https://twitter.com/dog_rates/status/765371061932261376/photo/1,https://twitter.com/dog_rates/status/765371061932261376/photo/1",11,10,Louie,2475,7842,pupper,golden_retriever
105,,,2016-07-23 19:49:07+00:00,"<a href=""http://twitter.com/download/iphone"" rel=""nofollow"">Twitter for iPhone</a>",This is Jax. He is a majestic mountain pupper. Thinks flat ground is for the weak. 12/10 would totally hike with https://t.co/KGdeHuFJnH,https://twitter.com/dog_rates/status/756939218950160384/photo/1,12,10,Jax,2295,7342,pupper,golden_retriever
106,,,2016-07-21 02:41:54+00:00,"<a href=""http://twitter.com/download/iphone"" rel=""nofollow"">Twitter for iPhone</a>",Here's a frustrated pupper attempting to escape a pool of Frosted Flakes. 12/10 https://t.co/GAYViEweWr,https://twitter.com/dog_rates/status/755955933503782912/video/1,12,10,,3285,8092,pupper,Pekinese
107,,,2016-07-08 16:44:23+00:00,"<a href=""http://twitter.com/download/iphone"" rel=""nofollow"">Twitter for iPhone</a>",Here's a pupper that's very hungry but too lazy to get up and eat. 12/10 (vid by @RealDavidCortes) https://t.co/lsVAMBq6ex,https://twitter.com/dog_rates/status/751456908746354688/video/1,12,10,,1127,3516,pupper,golden_retriever
108,,,2016-07-07 01:47:22+00:00,"<a href=""http://twitter.com/download/iphone"" rel=""nofollow"">Twitter for iPhone</a>",Meet Milo. He hauled ass until he ran out of treadmill and then passed out from exhaustion. 11/10 sleep tight pupper https://t.co/xe1aGZNkcC,"https://twitter.com/dog_rates/status/750868782890057730/photo/1,https://twitter.com/dog_rates/status/750868782890057730/photo/1,https://twitter.com/dog_rates/status/750868782890057730/photo/1,https://twitter.com/dog_rates/status/750868782890057730/photo/1",11,10,Milo,1595,5306,pupper,toy_poodle
109,,,2016-07-05 17:38:41+00:00,"<a href=""http://twitter.com/download/iphone"" rel=""nofollow"">Twitter for iPhone</a>",This is Zoe. She was trying to stealthily take a picture of you but you just noticed. 9/10 not so sneaky pupper https://t.co/FfH3o88Vta,https://twitter.com/dog_rates/status/750383411068534784/photo/1,9,10,Zoe,1309,5005,pupper,Border_collie
110,,,2016-07-04 21:00:04+00:00,"<a href=""http://twitter.com/download/iphone"" rel=""nofollow"">Twitter for iPhone</a>",Pause your cookout and admire this pupper's nifty hat. 10/10 https://t.co/RG4C9IdNJM,"https://twitter.com/dog_rates/status/750071704093859840/photo/1,https://twitter.com/dog_rates/status/750071704093859840/photo/1,https://twitter.com/dog_rates/status/750071704093859840/photo/1",10,10,,3802,8653,pupper,redbone
111,,,2016-07-03 01:41:06+00:00,"<a href=""http://twitter.com/download/iphone"" rel=""nofollow"">Twitter for iPhone</a>",This is Finn. He's the most unphotogenic pupper of all time. 11/10 https://t.co/qvA2rCUl6v,"https://twitter.com/dog_rates/status/749417653287129088/photo/1,https://twitter.com/dog_rates/status/749417653287129088/photo/1,https://twitter.com/dog_rates/status/749417653287129088/photo/1,https://twitter.com/dog_rates/status/749417653287129088/photo/1",11,10,Finn,1904,6721,pupper,papillon
112,,,2016-06-29 01:23:16+00:00,"<a href=""http://twitter.com/download/iphone"" rel=""nofollow"">Twitter for iPhone</a>",PUPPER NOOOOO BEHIND YOUUU 10/10 pls keep this pupper in your thoughts https://t.co/ZPfeRtOX0Q,https://twitter.com/dog_rates/status/747963614829678593/photo/1,10,10,,2444,6397,pupper,kelpie
113,,,2016-06-15 23:24:09+00:00,"<a href=""http://twitter.com/download/iphone"" rel=""nofollow"">Twitter for iPhone</a>",This is a very rare Great Alaskan Bush Pupper. Hard to stumble upon without spooking. 12/10 would pet passionately https://t.co/xOBKCdpzaa,https://twitter.com/dog_rates/status/743222593470234624/photo/1,12,10,a,2164,6792,pupper,kuvasz
114,,,2016-06-11 21:27:17+00:00,"<a href=""http://twitter.com/download/iphone"" rel=""nofollow"">Twitter for iPhone</a>",Meet Aqua. She's a sandy pupper. Not sure how she feels about being so sandy. Radical tongue slip. 11/10 petable af https://t.co/rYxJ0UQtbE,"https://twitter.com/dog_rates/status/741743634094141440/photo/1,https://twitter.com/dog_rates/status/741743634094141440/photo/1,https://twitter.com/dog_rates/status/741743634094141440/photo/1",11,10,Aqua,3144,8945,pupper,Labrador_retriever
115,,,2016-06-05 23:53:41+00:00,"<a href=""http://twitter.com/download/iphone"" rel=""nofollow"">Twitter for iPhone</a>",Meet Benji. He just turned 1. Has already given up on a traditional pupper physique. Just inhaled that thing. 9/10 https://t.co/sLUC4th3Zj,"https://twitter.com/dog_rates/status/739606147276148736/photo/1,https://twitter.com/dog_rates/status/739606147276148736/photo/1,https://twitter.com/dog_rates/status/739606147276148736/photo/1",9,10,Benji,1876,5897,pupper,Blenheim_spaniel
116,,,2016-05-26 01:47:51+00:00,"<a href=""http://twitter.com/download/iphone"" rel=""nofollow"">Twitter for iPhone</a>",*faints* 12/10 perfection in pupper form https://t.co/t6TxTwTLEK,https://twitter.com/dog_rates/status/735648611367784448/photo/1,12,10,,1237,4397,pupper,Pembroke
117,,,2016-05-24 15:55:00+00:00,"<a href=""http://twitter.com/download/iphone"" rel=""nofollow"">Twitter for iPhone</a>",Meet Buckley. His family &amp; some neighbors came over to watch him perform but he's nervous af. 9/10 u got this pupper https://t.co/5bdCpPlno9,https://twitter.com/dog_rates/status/735137028879360001/photo/1,9,10,Buckley,1092,3428,pupper,Walker_hound
118,,,2016-05-12 01:40:42+00:00,"<a href=""http://twitter.com/download/iphone"" rel=""nofollow"">Twitter for iPhone</a>",This is Rooney. He can't comprehend glass. 10/10 it'll be ok pupper https://t.co/CnUl2uDBBV,"https://twitter.com/dog_rates/status/730573383004487680/photo/1,https://twitter.com/dog_rates/status/730573383004487680/photo/1,https://twitter.com/dog_rates/status/730573383004487680/photo/1",10,10,Rooney,2435,5407,pupper,American_Staffordshire_terrier
119,,,2016-05-05 00:16:48+00:00,"<a href=""http://twitter.com/download/iphone"" rel=""nofollow"">Twitter for iPhone</a>",This is Rueben. He has reached ultimate pupper zen state. 11/10 tranquil af https://t.co/Z167HgtnBi,https://twitter.com/dog_rates/status/728015554473250816/photo/1,11,10,Rueben,1219,4479,pupper,cocker_spaniel
120,,,2016-05-03 15:46:33+00:00,"<a href=""http://twitter.com/download/iphone"" rel=""nofollow"">Twitter for iPhone</a>",This pupper had to undergo emergency haircut surgery so he could hear again. 10/10 miraculous af https://t.co/fUyDIFkBwx,"https://twitter.com/dog_rates/status/727524757080539137/photo/1,https://twitter.com/dog_rates/status/727524757080539137/photo/1",10,10,,1379,4900,pupper,Pomeranian
121,,,2016-05-03 01:50:44+00:00,"<a href=""http://twitter.com/download/iphone"" rel=""nofollow"">Twitter for iPhone</a>",This pupper was about to explain where that dirt came from but then decided against it. 11/10 https://t.co/SbaelU6zRs,"https://twitter.com/dog_rates/status/727314416056803329/photo/1,https://twitter.com/dog_rates/status/727314416056803329/photo/1,https://twitter.com/dog_rates/status/727314416056803329/photo/1",11,10,,834,3623,pupper,toy_poodle
122,,,2016-04-28 20:40:11+00:00,"<a href=""http://twitter.com/download/iphone"" rel=""nofollow"">Twitter for iPhone</a>",Say hello to Lillie. She's a Rutabagan Floofem. Poor pupper ate and then passed out. 11/10 relatable af https://t.co/uIdGqug9rw,https://twitter.com/dog_rates/status/725786712245440512/photo/1,11,10,Lillie,1527,4537,pupper,chow
123,,,2016-04-25 01:12:38+00:00,"<a href=""http://twitter.com/download/iphone"" rel=""nofollow"">Twitter for iPhone</a>",This is Ashleigh. She's having Coachella withdrawals. Didn't even go tho. 10/10 stay strong pupper https://t.co/nRUaKWnJfH,https://twitter.com/dog_rates/status/724405726123311104/photo/1,10,10,Ashleigh,1847,5800,pupper,golden_retriever
124,,,2016-04-15 15:44:11+00:00,"<a href=""http://twitter.com/download/iphone"" rel=""nofollow"">Twitter for iPhone</a>",This is Oliver. Bath time is upon him. His fear of the wetness postpones his ultimate pupper destiny. 11/10 https://t.co/AFzzKqR4tT,https://twitter.com/dog_rates/status/721001180231503872/photo/1,11,10,Oliver,686,2748,pupper,Samoyed
125,,,2016-04-04 15:22:08+00:00,"<a href=""http://twitter.com/download/iphone"" rel=""nofollow"">Twitter for iPhone</a>",This is Smokey. He's having some sort of existential crisis. 10/10 hang in there pupper https://t.co/JmgF4dMpw0,https://twitter.com/dog_rates/status/717009362452090881/photo/1,10,10,Smokey,1102,3583,pupper,Siberian_husky
126,,,2016-03-19 01:54:56+00:00,"<a href=""http://twitter.com/download/iphone"" rel=""nofollow"">Twitter for iPhone</a>",This is Chuckles. He had a balloon but he accidentally let go of it and it floated away. 11/10 hang in there pupper https://t.co/68iNM7B5gW,https://twitter.com/dog_rates/status/711008018775851008/photo/1,11,10,Chuckles,710,3275,pupper,French_bulldog
127,,,2016-03-16 14:54:24+00:00,"<a href=""http://twitter.com/download/iphone"" rel=""nofollow"">Twitter for iPhone</a>",This pupper got her hair chalked for her birthday. Hasn't told her parents yet. Rebellious af. 11/10 very nifty https://t.co/h1OX2mLtxV,"https://twitter.com/dog_rates/status/710117014656950272/photo/1,https://twitter.com/dog_rates/status/710117014656950272/photo/1",11,10,,2233,5999,pupper,toy_poodle
128,,,2016-03-13 02:43:08+00:00,"<a href=""http://twitter.com/download/iphone"" rel=""nofollow"">Twitter for iPhone</a>",Here's a pupper with magic eyes. Not wearing a seat belt tho (irresponsible af). Very distracting to driver. 9/10 https://t.co/5DLJB4ssvI,"https://twitter.com/dog_rates/status/708845821941387268/photo/1,https://twitter.com/dog_rates/status/708845821941387268/photo/1",9,10,,1015,3226,pupper,schipperke
129,,,2016-03-09 03:45:22+00:00,"<a href=""http://twitter.com/download/iphone"" rel=""nofollow"">Twitter for iPhone</a>","""I shall trip the big pupper with leash. Big pupper will never see it coming. I am a genius."" Both 11/10 https://t.co/uQsCJ8pf51",https://twitter.com/dog_rates/status/707411934438625280/photo/1,11,10,,673,2486,pupper,Lakeland_terrier
130,,,2016-03-08 21:23:50+00:00,"<a href=""http://twitter.com/download/iphone"" rel=""nofollow"">Twitter for iPhone</a>",This is Finnegus. He's trapped in a snow globe. Poor pupper. 10/10 would make sure no one shook it https://t.co/BjpOa52jQ4,"https://twitter.com/dog_rates/status/707315916783140866/photo/1,https://twitter.com/dog_rates/status/707315916783140866/photo/1",10,10,Finnegus,727,2698,pupper,Bernese_mountain_dog
131,,,2016-03-06 02:46:44+00:00,"<a href=""http://twitter.com/download/iphone"" rel=""nofollow"">Twitter for iPhone</a>",Here's a very sleepy pupper. Thinks it's an airplane. 12/10 would snug for eternity https://t.co/GGmcTIkBbf,"https://twitter.com/dog_rates/status/706310011488698368/photo/1,https://twitter.com/dog_rates/status/706310011488698368/photo/1",12,10,,9034,23443,pupper,Pembroke
132,,,2016-03-05 04:36:02+00:00,"<a href=""http://twitter.com/download/iphone"" rel=""nofollow"">Twitter for iPhone</a>",This is Adele. Her tongue flies out of her mouth at random. It's a debilitating illness. 10/10 stay strong pupper https://t.co/cfn81n3FLO,"https://twitter.com/dog_rates/status/705975130514706432/photo/1,https://twitter.com/dog_rates/status/705975130514706432/photo/1",10,10,Adele,842,3397,pupper,Staffordshire_bullterrier
133,,,2016-03-03 16:23:38+00:00,"<a href=""http://twitter.com/download/iphone"" rel=""nofollow"">Twitter for iPhone</a>",This is Ambrose. He's an Alfalfa Ballyhoo. Draws pistol fast af. Pretty much runs the frontier. 11/10 lethal pupper https://t.co/ih6epBOxIA,https://twitter.com/dog_rates/status/705428427625635840/photo/1,11,10,Ambrose,1931,4188,pupper,Chihuahua
134,,,2016-03-02 02:43:09+00:00,"<a href=""http://twitter.com/download/iphone"" rel=""nofollow"">Twitter for iPhone</a>",Here is a heartbreaking scene of an incredible pupper being laid to rest. 10/10 RIP pupper https://t.co/81mvJ0rGRu,https://twitter.com/dog_rates/status/704859558691414016/photo/1,10,10,a,612,2462,pupper,pug
135,,,2016-02-27 16:03:45+00:00,"<a href=""http://twitter.com/download/iphone"" rel=""nofollow"">Twitter for iPhone</a>",Meet Scooter. He's experiencing the pupper equivalent of dropping ur phone in a toilet 10/10 put it in some rice pup https://t.co/JSmX1FIEaW,https://twitter.com/dog_rates/status/703611486317502464/photo/1,10,10,Scooter,1709,4229,pupper,Pembroke
136,,,2016-02-24 20:56:55+00:00,"<a href=""http://twitter.com/download/iphone"" rel=""nofollow"">Twitter for iPhone</a>","This is Sansa. She's gotten too big for her chair. Not so smol anymore. 11/10 once a pupper, always a pupper https://t.co/IpAoztle2s",https://twitter.com/dog_rates/status/702598099714314240/photo/1,11,10,Sansa,3712,11332,pupper,kelpie
137,,,2016-02-21 23:13:01+00:00,"<a href=""http://twitter.com/download/iphone"" rel=""nofollow"">Twitter for iPhone</a>",Meet Millie. She's practicing her dive form for Rio. It's nearly perfect. Dedicated af. 10/10 go for gold pupper https://t.co/SDVkc4m96M,https://twitter.com/dog_rates/status/701545186879471618/photo/1,10,10,Millie,680,2902,pupper,Border_collie
138,,,2016-02-20 02:06:50+00:00,"<a href=""http://twitter.com/download/iphone"" rel=""nofollow"">Twitter for iPhone</a>","""Pupper is a present to world. Here is a bow for pupper."" 12/10 precious as hell https://t.co/ItSsE92gCW",https://twitter.com/dog_rates/status/700864154249383937/photo/1,12,10,a,685,2828,pupper,kuvasz
139,,,2016-02-18 02:24:13+00:00,"<a href=""http://twitter.com/download/iphone"" rel=""nofollow"">Twitter for iPhone</a>",When it's Janet from accounting's birthday but you can't eat the cake cuz it's chocolate. 10/10 hang in there pupper https://t.co/Fbdr5orUrJ,https://twitter.com/dog_rates/status/700143752053182464/photo/1,10,10,,3129,8282,pupper,golden_retriever
140,,,2016-02-17 03:45:29+00:00,"<a href=""http://twitter.com/download/iphone"" rel=""nofollow"">Twitter for iPhone</a>",This is Cooper. He began to tear up when his bone was taken from him. 11/10 stay strong pupper https://t.co/qI8yvqKG02,"https://twitter.com/dog_rates/status/699801817392291840/photo/1,https://twitter.com/dog_rates/status/699801817392291840/photo/1,https://twitter.com/dog_rates/status/699801817392291840/photo/1,https://twitter.com/dog_rates/status/699801817392291840/photo/1",11,10,Cooper,1088,3345,pupper,golden_retriever
141,,,2016-02-16 03:25:58+00:00,"<a href=""http://twitter.com/download/iphone"" rel=""nofollow"">Twitter for iPhone</a>",I know this is a tad late but here's a wonderful Valentine's Day pupper 12/10 https://t.co/hTE2PEwGvi,https://twitter.com/dog_rates/status/699434518667751424/photo/1,12,10,,577,2384,pupper,golden_retriever
142,,,2016-02-15 01:05:02+00:00,"<a href=""http://twitter.com/download/iphone"" rel=""nofollow"">Twitter for iPhone</a>",HAPPY V-DAY FROM YOUR FAV PUPPER SQUAD 13/10 for all https://t.co/7u6VnZ1UFe,https://twitter.com/dog_rates/status/699036661657767936/photo/1,13,10,,1345,2863,pupper,Chihuahua
143,,,2016-02-11 03:02:54+00:00,"<a href=""http://twitter.com/download/iphone"" rel=""nofollow"">Twitter for iPhone</a>",This pupper doubles as a hallway rug. Very rare. Versatile af. 11/10 https://t.co/Jxd5pR02Cn,"https://twitter.com/dog_rates/status/697616773278015490/photo/1,https://twitter.com/dog_rates/status/697616773278015490/photo/1",11,10,,1144,3467,pupper,Lhasa
144,,,2016-02-11 01:42:02+00:00,"<a href=""http://twitter.com/download/iphone"" rel=""nofollow"">Twitter for iPhone</a>",Here's a pupper with a piece of pizza. Two of everybody's favorite things in one photo. 11/10 https://t.co/5USjFjKI7Z,https://twitter.com/dog_rates/status/697596423848730625/photo/1,11,10,,1425,3306,pupper,Shetland_sheepdog
145,,,2016-02-04 04:03:57+00:00,"<a href=""http://twitter.com/download/iphone"" rel=""nofollow"">Twitter for iPhone</a>",This is just a beautiful pupper good shit evolution. 12/10 https://t.co/2L8pI0Z2Ib,https://twitter.com/dog_rates/status/695095422348574720/photo/1,12,10,just,684,2888,pupper,papillon
146,,,2016-02-04 02:40:08+00:00,"<a href=""http://twitter.com/download/iphone"" rel=""nofollow"">Twitter for iPhone</a>",This is Lorenzo. He's educated af. Just graduated college. 11/10 poor pupper can't even comprehend his debt https://t.co/dH3GzcjCtQ,https://twitter.com/dog_rates/status/695074328191332352/photo/1,11,10,Lorenzo,1239,3116,pupper,Shih-Tzu
147,,,2016-02-02 01:21:07+00:00,"<a href=""http://twitter.com/download/iphone"" rel=""nofollow"">Twitter for iPhone</a>",Meet Grady. He's very hungry. Too bad no one can find his food bowl. 9/10 poor pupper https://t.co/oToIkYnEGn,https://twitter.com/dog_rates/status/694329668942569472/photo/1,9,10,Grady,569,2203,pupper,boxer
148,,,2016-01-31 03:00:47+00:00,"<a href=""http://twitter.com/download/iphone"" rel=""nofollow"">Twitter for iPhone</a>",This pupper is afraid of its own feet. 12/10 would comfort https://t.co/Tn9Mp0oPoJ,"https://twitter.com/dog_rates/status/693629975228977152/photo/1,https://twitter.com/dog_rates/status/693629975228977152/photo/1",12,10,,894,2685,pupper,pug
149,,,2016-01-30 02:41:58+00:00,"<a href=""http://twitter.com/download/iphone"" rel=""nofollow"">Twitter for iPhone</a>",I hope you guys enjoy this beautiful snowy pupper as much as I did. 11/10 https://t.co/DYUsHtL2aR,https://twitter.com/dog_rates/status/693262851218264065/photo/1,11,10,,568,2459,pupper,golden_retriever
150,,,2016-01-29 03:03:25+00:00,"<a href=""http://twitter.com/download/iphone"" rel=""nofollow"">Twitter for iPhone</a>",This is Wally. He's being abducted by aliens. 10/10 poor pupper https://t.co/EiF659Bgjn,https://twitter.com/dog_rates/status/692905862751522816/photo/1,10,10,Wally,998,2683,pupper,Mexican_hairless
151,,,2016-01-28 21:54:41+00:00,"<a href=""http://twitter.com/download/iphone"" rel=""nofollow"">Twitter for iPhone</a>",This pupper just descended from heaven. 12/10 can probably fly https://t.co/X6X9wM7NuS,https://twitter.com/dog_rates/status/692828166163931137/photo/1,12,10,,998,3148,pupper,Samoyed
152,,,2016-01-28 16:53:37+00:00,"<a href=""http://twitter.com/download/iphone"" rel=""nofollow"">Twitter for iPhone</a>","""Hello yes could I get one pupper to go please thank you""
Both 13/10 https://t.co/kYWcXbluUu",https://twitter.com/dog_rates/status/692752401762250755/photo/1,13,10,,4124,7496,pupper,Samoyed
153,,,2016-01-21 03:38:27+00:00,"<a href=""http://twitter.com/download/iphone"" rel=""nofollow"">Twitter for iPhone</a>",This pupper can only sleep on shoes. It's a crippling disease. Tearing his family apart. 12/10 I'd totally pet tho https://t.co/03XlvS8izg,"https://twitter.com/dog_rates/status/690015576308211712/photo/1,https://twitter.com/dog_rates/status/690015576308211712/photo/1",12,10,,836,2740,pupper,malamute
154,,,2016-01-20 20:21:00+00:00,"<a href=""http://twitter.com/download/iphone"" rel=""nofollow"">Twitter for iPhone</a>","Say hello to Gizmo. He's quite the pupper. Confused by bed, but agile af. Can barely catch on camera. 11/10 so quick https://t.co/IE4ZblyZRY","https://twitter.com/dog_rates/status/689905486972461056/photo/1,https://twitter.com/dog_rates/status/689905486972461056/photo/1,https://twitter.com/dog_rates/status/689905486972461056/photo/1,https://twitter.com/dog_rates/status/689905486972461056/photo/1",11,10,Gizmo,787,2651,pupper,Pomeranian
155,,,2016-01-20 01:41:08+00:00,"<a href=""http://twitter.com/download/iphone"" rel=""nofollow"">Twitter for iPhone</a>",This is Lucy. She's terrified of the stuffed billed dog. 10/10 stay strong pupper https://t.co/QnvSjjyh7n,"https://twitter.com/dog_rates/status/689623661272240129/photo/1,https://twitter.com/dog_rates/status/689623661272240129/photo/1",10,10,Lucy,748,2467,pupper,toy_poodle
156,,,2016-01-18 17:52:38+00:00,"<a href=""http://twitter.com/download/iphone"" rel=""nofollow"">Twitter for iPhone</a>",Meet Trip. He likes wearing costumes that aren't consistent with the season to screw with people 10/10 tricky pupper https://t.co/40w7TI5Axv,https://twitter.com/dog_rates/status/689143371370250240/photo/1,10,10,Trip,579,2232,pupper,English_springer
157,,,2016-01-18 02:49:58+00:00,"<a href=""http://twitter.com/download/iphone"" rel=""nofollow"">Twitter for iPhone</a>",This pupper just wants to say hello. 11/10 would knock down fence for https://t.co/A8X8fwS78x,"https://twitter.com/dog_rates/status/688916208532455424/photo/1,https://twitter.com/dog_rates/status/688916208532455424/photo/1",11,10,,983,3003,pupper,Pembroke
158,,,2016-01-17 00:32:18+00:00,"<a href=""http://twitter.com/download/iphone"" rel=""nofollow"">Twitter for iPhone</a>",This pupper is sprouting a flower out of her head. 12/10 revolutionary af https://t.co/glmvQBRjv4,https://twitter.com/dog_rates/status/688519176466644993/photo/1,12,10,,825,2520,pupper,Pembroke
159,,,2016-01-15 02:08:05+00:00,"<a href=""http://twitter.com/download/iphone"" rel=""nofollow"">Twitter for iPhone</a>",With great pupper comes great responsibility. 12/10 https://t.co/hK6xB042EP,https://twitter.com/dog_rates/status/687818504314159109/photo/1,12,10,,1080,2758,pupper,Lakeland_terrier
160,,,2016-01-14 18:33:48+00:00,"<a href=""http://twitter.com/download/iphone"" rel=""nofollow"">Twitter for iPhone</a>",Say hello to Blakely. He thinks that's a hat. Silly pupper. That's a nanner. 9/10 https://t.co/UwOV1jqKRt,https://twitter.com/dog_rates/status/687704180304273409/photo/1,9,10,Blakely,950,2660,pupper,miniature_pinscher
161,,,2016-01-13 02:17:20+00:00,"<a href=""http://twitter.com/download/iphone"" rel=""nofollow"">Twitter for iPhone</a>",This pupper's New Year's resolution was to become a Hershey's kiss. 11/10 she's super pumped about it https://t.co/D7jYj6vdwC,https://twitter.com/dog_rates/status/687096057537363968/photo/1,11,10,,695,2449,pupper,Labrador_retriever
162,,,2016-01-11 22:56:10+00:00,"<a href=""http://twitter.com/download/iphone"" rel=""nofollow"">Twitter for iPhone</a>",This is Mona. She's a Yarborough Splishnsplash. Lost body during Nam. 11/10 revolutionary pupper https://t.co/pgD6h0yhgz,https://twitter.com/dog_rates/status/686683045143953408/photo/1,11,10,Mona,912,3072,pupper,Norwich_terrier
163,,,2016-01-11 18:39:05+00:00,"<a href=""http://twitter.com/download/iphone"" rel=""nofollow"">Twitter for iPhone</a>",This is Olivia. She just saw an adult wearing crocs. 11/10 poor pupper. No one should witness such a thing https://t.co/yJVTi1DjJc,https://twitter.com/dog_rates/status/686618349602762752/photo/1,11,10,Olivia,1544,4042,pupper,Rottweiler
164,,,2016-01-11 02:40:19+00:00,"<a href=""http://twitter.com/download/iphone"" rel=""nofollow"">Twitter for iPhone</a>",Meet Birf. He thinks he's gone blind. 10/10 very frightened pupper https://t.co/oDkspjNWYX,https://twitter.com/dog_rates/status/686377065986265092/photo/1,10,10,Birf,637,2433,pupper,German_shepherd
165,,,2016-01-10 02:13:27+00:00,"<a href=""http://twitter.com/download/iphone"" rel=""nofollow"">Twitter for iPhone</a>",This pupper has a magical eye. 11/10 I can't stop looking at it https://t.co/heAGpKTpPW,https://twitter.com/dog_rates/status/686007916130873345/photo/1,11,10,,472,2704,pupper,Rhodesian_ridgeback
166,,,2016-01-09 21:58:42+00:00,"<a href=""http://twitter.com/download/iphone"" rel=""nofollow"">Twitter for iPhone</a>",This is the newly formed pupper a capella group. They're just starting out but I see tons of potential. 8/10 for all https://t.co/wbAcvFoNtn,https://twitter.com/dog_rates/status/685943807276412928/video/1,8,10,the,696,1801,pupper,papillon
167,,,2016-01-09 01:59:19+00:00,"<a href=""http://twitter.com/download/iphone"" rel=""nofollow"">Twitter for iPhone</a>",This is Otis. He just passed a cop while going 61 in a 45. Very nervous pupper. 7/10 https://t.co/jJS8qQeuNO,https://twitter.com/dog_rates/status/685641971164143616/photo/1,7,10,Otis,885,3218,pupper,Lakeland_terrier
168,,,2016-01-08 01:16:17+00:00,"<a href=""http://twitter.com/download/iphone"" rel=""nofollow"">Twitter for iPhone</a>",This is Hubertson. He's a Carmel Haberdashery. Enjoys long summer days on his boat. Very peaceful pupper. 10/10 https://t.co/vzCl35fKlZ,https://twitter.com/dog_rates/status/685268753634967552/photo/1,10,10,Hubertson,1371,3419,pupper,pug
169,,,2016-01-07 18:41:01+00:00,"<a href=""http://twitter.com/download/iphone"" rel=""nofollow"">Twitter for iPhone</a>",Meet Gerbald. He just found out he's adopted. Poor pupper. Snazzy tongue tho. 11/10 would hold close in time of need https://t.co/UfGkB9Wrud,https://twitter.com/dog_rates/status/685169283572338688/photo/1,11,10,Gerbald,1620,4489,pupper,Bernese_mountain_dog
170,,,2016-01-04 02:18:42+00:00,"<a href=""http://twitter.com/download/iphone"" rel=""nofollow"">Twitter for iPhone</a>",Here we see a faulty pupper. Might need to replace batteries. Try turning off &amp; back on again. 9/10 would still pet https://t.co/O1E4AtHVxO,https://twitter.com/dog_rates/status/683834909291606017/video/1,9,10,,1265,2880,pupper,Maltese_dog
171,,,2016-01-04 01:53:37+00:00,"<a href=""http://twitter.com/download/iphone"" rel=""nofollow"">Twitter for iPhone</a>",Breathtaking pupper here. Should be on the cover of Dogue. Top-notch tongue. Appears considerably fluffy. 12/10 https://t.co/Eeh3yfdglS,https://twitter.com/dog_rates/status/683828599284170753/photo/1,12,10,,1195,3053,pupper,malamute
172,,,2016-01-03 02:53:17+00:00,"<a href=""http://twitter.com/download/iphone"" rel=""nofollow"">Twitter for iPhone</a>",Meet Banjo. He's a Peppercorn Shoop Da Whoop. Nails look lethal. Skeptical of luminescent orb 11/10 stay woke pupper https://t.co/H7NZFumpKq,https://twitter.com/dog_rates/status/683481228088049664/photo/1,11,10,Banjo,1118,2878,pupper,keeshond
173,,,2016-01-03 01:39:57+00:00,"<a href=""http://twitter.com/download/iphone"" rel=""nofollow"">Twitter for iPhone</a>","""Hello forest pupper I am house pupper welcome to my abode"" (8/10 for both) https://t.co/qFD8217fUT",https://twitter.com/dog_rates/status/683462770029932544/photo/1,8,10,,761,2676,pupper,Italian_greyhound
174,,,2016-01-02 04:27:31+00:00,"<a href=""http://twitter.com/download/iphone"" rel=""nofollow"">Twitter for iPhone</a>",Meet Brandy. She's a member of the Bloods. Menacing criminal pupper. Soft spot for flowers tho. 9/10 pet w caution https://t.co/hhIA3coiAJ,https://twitter.com/dog_rates/status/683142553609318400/photo/1,9,10,Brandy,1173,3162,pupper,Leonberg
175,,,2016-01-02 02:23:45+00:00,"<a href=""http://twitter.com/download/iphone"" rel=""nofollow"">Twitter for iPhone</a>",This is Larry. He thought the New Year's parties were tonight. 10/10 poor pupper. Maybe next year https://t.co/h3X0jK8MVM,https://twitter.com/dog_rates/status/683111407806746624/photo/1,10,10,Larry,1034,3736,pupper,cocker_spaniel
176,,,2015-12-29 17:36:07+00:00,"<a href=""http://twitter.com/download/iphone"" rel=""nofollow"">Twitter for iPhone</a>",Say hello to Charlie. He's scholarly af. Quite intimidating with all his pupper knowledge 10/10 even built that fire https://t.co/9KThv6z8u5,https://twitter.com/dog_rates/status/681891461017812993/photo/1,10,10,Charlie,951,2706,pupper,Chihuahua
177,,,2015-12-29 04:31:49+00:00,"<a href=""http://twitter.com/download/iphone"" rel=""nofollow"">Twitter for iPhone</a>",This is Bo. He's a Benedoop Cumbersnatch. Seems frustrated with own feet. Portable as hell. 11/10 very solid pupper https://t.co/TONMhRoQh7,https://twitter.com/dog_rates/status/681694085539872773/photo/1,11,10,Bo,4581,14010,pupper,toy_poodle
178,,,2015-12-29 01:52:46+00:00,"<a href=""http://twitter.com/download/iphone"" rel=""nofollow"">Twitter for iPhone</a>",This is Toffee. He's a happy pupper. Appears dangerously fluffy. Extraordinarily spherical. 12/10 would pet firmly https://t.co/oEXEKt3MHu,https://twitter.com/dog_rates/status/681654059175129088/photo/1,12,10,Toffee,1045,2903,pupper,Pomeranian
179,,,2015-12-27 21:52:07+00:00,"<a href=""http://twitter.com/download/iphone"" rel=""nofollow"">Twitter for iPhone</a>",I just love this pic. 11/10 this pupper is going places https://t.co/P16uhh1PbI,https://twitter.com/dog_rates/status/681231109724700672/photo/1,11,10,,540,2629,pupper,Irish_setter
180,,,2015-12-26 19:43:36+00:00,"<a href=""http://twitter.com/download/iphone"" rel=""nofollow"">Twitter for iPhone</a>",This is Ellie. She's secretly ferocious. 12/10 very deadly pupper https://t.co/BF4BW8LUgb,"https://twitter.com/dog_rates/status/680836378243002368/photo/1,https://twitter.com/dog_rates/status/680836378243002368/photo/1,https://twitter.com/dog_rates/status/680836378243002368/photo/1",12,10,Ellie,1513,3766,pupper,Pembroke
181,,,2015-12-25 19:39:43+00:00,"<a href=""http://twitter.com/download/iphone"" rel=""nofollow"">Twitter for iPhone</a>","This is Hector. He thinks he's a hammer. Silly Hector. You're a pupper, not a hammer. 10/10 https://t.co/OdUFuZIXiI",https://twitter.com/dog_rates/status/680473011644985345/photo/1,10,10,Hector,844,2778,pupper,Lakeland_terrier
182,,,2015-12-25 01:00:07+00:00,"<a href=""http://twitter.com/download/iphone"" rel=""nofollow"">Twitter for iPhone</a>",Here's a sleepy Christmas pupper 11/10 https://t.co/KXg0f8GNQ9,https://twitter.com/dog_rates/status/680191257256136705/photo/1,11,10,,577,2356,pupper,Brittany_spaniel
183,,,2015-12-24 22:00:10+00:00,"<a href=""http://twitter.com/download/iphone"" rel=""nofollow"">Twitter for iPhone</a>",Say hello to Kawhi. He was doing fine until his hat fell off. He got it back though. 10/10 deep breaths pupper https://t.co/N5pM6WBx7e,"https://twitter.com/dog_rates/status/680145970311643136/photo/1,https://twitter.com/dog_rates/status/680145970311643136/photo/1,https://twitter.com/dog_rates/status/680145970311643136/photo/1",10,10,Kawhi,1972,3955,pupper,miniature_poodle
184,,,2015-12-24 19:00:23+00:00,"<a href=""https://about.twitter.com/products/tweetdeck"" rel=""nofollow"">TweetDeck</a>",This pupper is not coming inside until she catches a snowflake on her tongue. 11/10 the determination is palpable https://t.co/lvMYbmKq8H,https://twitter.com/dog_rates/status/680100725817409536/photo/1,11,10,,1554,3891,pupper,golden_retriever
185,,,2015-12-24 00:58:27+00:00,"<a href=""http://twitter.com/download/iphone"" rel=""nofollow"">Twitter for iPhone</a>",Everybody look at this beautiful pupper 13/10 https://t.co/hyAC5Hq9GC,"https://twitter.com/dog_rates/status/679828447187857408/photo/1,https://twitter.com/dog_rates/status/679828447187857408/photo/1,https://twitter.com/dog_rates/status/679828447187857408/photo/1",13,10,,15839,39726,pupper,Chihuahua
186,,,2015-12-23 21:37:40+00:00,"<a href=""http://twitter.com/download/iphone"" rel=""nofollow"">Twitter for iPhone</a>",This is Rinna. She's melting. 10/10 get inside pupper https://t.co/PA0czwucsb,https://twitter.com/dog_rates/status/679777920601223168/photo/1,10,10,Rinna,1281,3390,pupper,bloodhound
187,,,2015-12-21 04:52:53+00:00,"<a href=""http://twitter.com/download/iphone"" rel=""nofollow"">Twitter for iPhone</a>",Here's a pupper with some mean tan lines. Snazzy sweater though 12/10 https://t.co/DpCSVsl6vu,https://twitter.com/dog_rates/status/678800283649069056/photo/1,12,10,,1018,2810,pupper,Labrador_retriever
188,,,2015-12-20 01:38:42+00:00,"<a href=""http://twitter.com/download/iphone"" rel=""nofollow"">Twitter for iPhone</a>","This is Bella. She just learned that her final grade in chem was a 92.49 
poor pupper 11/10 https://t.co/auOoKuoveM",https://twitter.com/dog_rates/status/678389028614488064/photo/1,11,10,Bella,473,2044,pupper,miniature_pinscher
189,,,2015-12-19 22:28:09+00:00,"<a href=""http://twitter.com/download/iphone"" rel=""nofollow"">Twitter for iPhone</a>",This pupper likes tape. 12/10 https://t.co/cSp6w5GWgm,https://twitter.com/dog_rates/status/678341075375947776/photo/1,12,10,,612,1896,pupper,golden_retriever
190,,,2015-12-19 18:19:51+00:00,"<a href=""http://twitter.com/download/iphone"" rel=""nofollow"">Twitter for iPhone</a>",Another spooky pupper here. Most definitely floating. No legs. Probably knows some dark magic. 10/10 very spooked https://t.co/JK8MByRzgj,https://twitter.com/dog_rates/status/678278586130948096/photo/1,10,10,,6857,12531,pupper,Maltese_dog
191,,,2015-12-16 23:29:14+00:00,"<a href=""http://twitter.com/download/iphone"" rel=""nofollow"">Twitter for iPhone</a>",This is the happiest pupper I've ever seen. 10/10 would trade lives with https://t.co/ep8ATEJwRb,https://twitter.com/dog_rates/status/677269281705472000/photo/1,10,10,the,790,2164,pupper,Shetland_sheepdog
192,,,2015-12-16 01:27:03+00:00,"<a href=""http://twitter.com/download/iphone"" rel=""nofollow"">Twitter for iPhone</a>",Here we see a rare pouched pupper. Ample storage space. Looks alert. Jumps at random. Kicked open that door. 8/10 https://t.co/mqvaxleHRz,https://twitter.com/dog_rates/status/676936541936185344/photo/1,8,10,,5515,13809,pupper,Chesapeake_Bay_retriever
193,,,2015-12-15 04:19:18+00:00,"<a href=""http://twitter.com/download/iphone"" rel=""nofollow"">Twitter for iPhone</a>",I promise this wasn't meant to be a cuteness overload account but ermergerd look at this cozy pupper. 13/10 https://t.co/mpQl2rJjDh,https://twitter.com/dog_rates/status/676617503762681856/photo/1,13,10,,1108,3149,pupper,Chihuahua
194,,,2015-12-15 03:23:14+00:00,"<a href=""http://twitter.com/download/iphone"" rel=""nofollow"">Twitter for iPhone</a>",This is Godzilla pupper. He had a ruff childhood &amp; now deflects that pain outward by terrorizing cities. Tragic 9/10 https://t.co/g1tLGkyaxr,https://twitter.com/dog_rates/status/676603393314578432/photo/1,9,10,Godzilla,440,1280,pupper,whippet
195,,,2015-12-14 18:35:43+00:00,"<a href=""http://twitter.com/download/iphone"" rel=""nofollow"">Twitter for iPhone</a>",Three generations of pupper. 11/10 for all https://t.co/tAmQYvzrau,https://twitter.com/dog_rates/status/676470639084101634/photo/1,11,10,,5224,12616,pupper,golden_retriever
196,,,2015-12-13 04:40:46+00:00,"<a href=""http://twitter.com/download/iphone"" rel=""nofollow"">Twitter for iPhone</a>",I'm sure you've all seen this pupper. Not prepared at all for the flying disc of terror. 10/10 https://t.co/G0pQiFGM7O,https://twitter.com/dog_rates/status/675898130735476737/photo/1,10,10,,653,1774,pupper,Labrador_retriever
197,,,2015-12-13 01:12:15+00:00,"<a href=""http://twitter.com/download/iphone"" rel=""nofollow"">Twitter for iPhone</a>","This is Pepper. She's not fully comfortable riding her imaginary bike yet. 10/10 don't worry pupper, it gets easier https://t.co/40dj4eTsXG",https://twitter.com/dog_rates/status/675845657354215424/photo/1,10,10,Pepper,1000,2477,pupper,pug
198,,,2015-12-12 18:13:51+00:00,"<a href=""http://twitter.com/download/iphone"" rel=""nofollow"">Twitter for iPhone</a>",Here's a pupper licking in slow motion. 12/10 please enjoy https://t.co/AUJi8ujxw9,https://twitter.com/dog_rates/status/675740360753160193/video/1,12,10,,388,1257,pupper,golden_retriever
199,,,2015-12-11 15:19:21+00:00,"<a href=""http://twitter.com/download/iphone"" rel=""nofollow"">Twitter for iPhone</a>",Good morning here's a grass pupper. 12/10 https://t.co/2d68FmWGGs,"https://twitter.com/dog_rates/status/675334060156301312/photo/1,https://twitter.com/dog_rates/status/675334060156301312/photo/1",12,10,,1436,3007,pupper,Pembroke
200,,,2015-12-10 17:37:00+00:00,"<a href=""http://twitter.com/download/iphone"" rel=""nofollow"">Twitter for iPhone</a>",Say hello to Mollie. This pic was taken after she bet all her toys on Ronda Rousey. 10/10 hang in there pupper https://t.co/QMmAqA9VqO,https://twitter.com/dog_rates/status/675006312288268288/photo/1,10,10,Mollie,252,1057,pupper,boxer
201,,,2015-12-10 02:15:47+00:00,"<a href=""http://twitter.com/download/iphone"" rel=""nofollow"">Twitter for iPhone</a>",This is Superpup. His head isn't proportional to his body. Has yet to serve any justice. 11/10 maybe one day pupper https://t.co/gxIFgg8ktm,https://twitter.com/dog_rates/status/674774481756377088/photo/1,11,10,Superpup,532,1213,pupper,Chihuahua
202,,,2015-12-09 23:47:22+00:00,"<a href=""http://twitter.com/download/iphone"" rel=""nofollow"">Twitter for iPhone</a>",Meet Rufio. He is unaware of the pink legless pupper wrapped around him. Might want to get that checked 10/10 &amp; 4/10 https://t.co/KNfLnYPmYh,https://twitter.com/dog_rates/status/674737130913071104/photo/1,10,10,Rufio,103,693,pupper,Pomeranian
203,,,2015-12-09 17:15:54+00:00,"<a href=""http://twitter.com/download/iphone"" rel=""nofollow"">Twitter for iPhone</a>",This pupper is fed up with being tickled. 12/10 I'm currently working on an elaborate heist to steal this dog https://t.co/F33n1hy3LL,https://twitter.com/dog_rates/status/674638615994089473/photo/1,12,10,,650,1806,pupper,Pomeranian
204,,,2015-12-09 04:36:06+00:00,"<a href=""http://twitter.com/download/iphone"" rel=""nofollow"">Twitter for iPhone</a>",This pupper just wants a belly rub. This pupper has nothing to do w the tree being sideways now. 10/10 good pupper https://t.co/AyJ7Ohk71f,https://twitter.com/dog_rates/status/674447403907457024/photo/1,10,10,,393,1137,pupper,Brabancon_griffon
205,,,2015-12-08 16:21:41+00:00,"<a href=""http://twitter.com/download/iphone"" rel=""nofollow"">Twitter for iPhone</a>",This is Gus. He's super stoked about being an elephant. Couldn't be happier. 9/10 for elephant pupper https://t.co/gJS1qU0jP7,https://twitter.com/dog_rates/status/674262580978937856/photo/1,9,10,Gus,498,1391,pupper,Greater_Swiss_Mountain_dog
206,,,2015-12-08 01:30:12+00:00,"<a href=""http://twitter.com/download/iphone"" rel=""nofollow"">Twitter for iPhone</a>",This is Kaiya. She's an aspiring shoe model. 12/10 follow your dreams pupper https://t.co/nX8FiGRHvk,https://twitter.com/dog_rates/status/674038233588723717/photo/1,12,10,Kaiya,456,1176,pupper,Eskimo_dog
207,,,2015-12-07 20:07:04+00:00,"<a href=""http://twitter.com/download/iphone"" rel=""nofollow"">Twitter for iPhone</a>",This is one esteemed pupper. Just graduated college. 10/10 what a champ https://t.co/nyReCVRiyd,https://twitter.com/dog_rates/status/673956914389192708/photo/1,10,10,one,1069,2091,pupper,pug
208,,,2015-12-07 03:34:14+00:00,"<a href=""http://twitter.com/download/iphone"" rel=""nofollow"">Twitter for iPhone</a>",This is Raymond. He's absolutely terrified of floating tennis ball. 10/10 it'll be ok pupper https://t.co/QyH1CaY3SM,"https://twitter.com/dog_rates/status/673707060090052608/photo/1,https://twitter.com/dog_rates/status/673707060090052608/photo/1",10,10,Raymond,434,1177,pupper,German_short-haired_pointer
209,,,2015-12-07 00:12:23+00:00,"<a href=""http://twitter.com/download/iphone"" rel=""nofollow"">Twitter for iPhone</a>",This is Albert AKA King Banana Peel. He's a kind ruler of the kitchen. Very jubilant pupper. 10/10 overall great dog https://t.co/PN8hxgZ9We,https://twitter.com/dog_rates/status/673656262056419329/photo/1,10,10,Albert,265,769,pupper,bull_mastiff
210,,,2015-12-06 21:19:54+00:00,"<a href=""http://twitter.com/download/iphone"" rel=""nofollow"">Twitter for iPhone</a>",This is Jeffri. He's a speckled ice pupper. Very lazy. Enjoys the occasional swim. Rather majestic really. 7/10 https://t.co/0iyItbtkr8,https://twitter.com/dog_rates/status/673612854080196609/photo/1,7,10,Jeffri,802,1691,pupper,Newfoundland
211,,,2015-12-06 00:17:55+00:00,"<a href=""http://twitter.com/download/iphone"" rel=""nofollow"">Twitter for iPhone</a>",Meet Eve. She's a raging alcoholic 8/10 (would b 11/10 but pupper alcoholism is a tragic issue that I can't condone) https://t.co/U36HYQIijg,https://twitter.com/dog_rates/status/673295268553605120/photo/1,8,10,Eve,3484,8046,pupper,golden_retriever
212,,,2015-12-05 04:00:04+00:00,"<a href=""http://twitter.com/download/iphone"" rel=""nofollow"">Twitter for iPhone</a>",This is Schnozz. He's had a blurred tail since birth. Hasn't let that stop him. 10/10 inspirational pupper https://t.co/a3zYMcvbXG,https://twitter.com/dog_rates/status/672988786805112832/photo/1,10,10,Schnozz,314,1039,pupper,Lakeland_terrier
213,,,2015-12-05 03:05:49+00:00,"<a href=""http://twitter.com/download/iphone"" rel=""nofollow"">Twitter for iPhone</a>",This is Chuckles. He is one skeptical pupper. 10/10 stay woke Chuckles https://t.co/ZlcF0TIRW1,https://twitter.com/dog_rates/status/672975131468300288/photo/1,10,10,Chuckles,1015,1813,pupper,pug
214,,,2015-12-04 03:43:54+00:00,"<a href=""http://twitter.com/download/iphone"" rel=""nofollow"">Twitter for iPhone</a>",This lil pupper is sad because we haven't found Kony yet. RT to spread awareness. 12/10 would pet firmly https://t.co/Cv7dRdcMvQ,https://twitter.com/dog_rates/status/672622327801233409/photo/1,12,10,,542,1377,pupper,golden_retriever
215,,,2015-12-04 01:55:13+00:00,"<a href=""http://twitter.com/download/iphone"" rel=""nofollow"">Twitter for iPhone</a>",Meet Scott. Just trying to catch his train to work. Doesn't need everybody staring. 9/10 ignore the haters pupper https://t.co/jyXbZ35MYz,https://twitter.com/dog_rates/status/672594978741354496/photo/1,9,10,Scott,661,1411,pupper,Great_Pyrenees
216,,,2015-12-03 18:23:34+00:00,"<a href=""http://twitter.com/download/iphone"" rel=""nofollow"">Twitter for iPhone</a>",Say hello to Jazz. She should be on the cover of Vogue. 12/10 gorgeous pupper https://t.co/mVCMemhXAP,https://twitter.com/dog_rates/status/672481316919734272/photo/1,12,10,Jazz,137,757,pupper,Border_collie
217,,,2015-12-03 03:21:00+00:00,"<a href=""http://twitter.com/download/iphone"" rel=""nofollow"">Twitter for iPhone</a>",This is Rolf. He's having the time of his life. 11/10 good pupper https://t.co/OO6MqEbqG3,https://twitter.com/dog_rates/status/672254177670729728/photo/1,11,10,Rolf,800,1515,pupper,pug
218,,,2015-12-02 21:06:56+00:00,"<a href=""http://twitter.com/download/iphone"" rel=""nofollow"">Twitter for iPhone</a>",This is Bubba. He's a Titted Peebles Aorta. Evolutionary masterpiece. Comfortable with his body. 8/10 great pupper https://t.co/aNkkl5nH3W,https://twitter.com/dog_rates/status/672160042234327040/photo/1,8,10,Bubba,395,918,pupper,pug
219,,,2017-07-25 01:55:32+00:00,"<a href=""http://twitter.com/download/iphone"" rel=""nofollow"">Twitter for iPhone</a>",Here's a puppo that seems to be on the fence about something haha no but seriously someone help her. 13/10 https://t.co/BxvuXk0UCm,https://twitter.com/dog_rates/status/889665388333682689/photo/1,13,10,,8538,38818,puppo,Pembroke
220,,,2017-07-24 17:02:04+00:00,"<a href=""http://twitter.com/download/iphone"" rel=""nofollow"">Twitter for iPhone</a>",This is Stuart. He's sporting his favorite fanny pack. Secretly filled with bones only. 13/10 puppared puppo #BarkWeek https://t.co/y70o6h3isq,https://twitter.com/dog_rates/status/889531135344209921/photo/1,13,10,Stuart,2321,15359,puppo,golden_retriever
221,,,2017-06-25 00:45:22+00:00,"<a href=""http://twitter.com/download/iphone"" rel=""nofollow"">Twitter for iPhone</a>",This is Snoopy. He's a proud #PrideMonthPuppo. Impeccable handwriting for not having thumbs. 13/10 would love back #PrideMonth https://t.co/lNZwgNO4gS,"https://twitter.com/dog_rates/status/878776093423087618/photo/1,https://twitter.com/dog_rates/status/878776093423087618/photo/1",13,10,Snoopy,4319,19763,puppo,Italian_greyhound
222,,,2017-06-11 21:18:31+00:00,"<a href=""http://twitter.com/download/iphone"" rel=""nofollow"">Twitter for iPhone</a>","This is Sebastian. He can't see all the colors of the rainbow, but he can see that this flag makes his human happy. 13/10 #PrideMonth puppo https://t.co/XBE0evJZ6V","https://twitter.com/dog_rates/status/874012996292530176/photo/1,https://twitter.com/dog_rates/status/874012996292530176/photo/1",13,10,Sebastian,11007,35501,puppo,Cardigan
223,,,2017-05-24 16:44:18+00:00,"<a href=""http://twitter.com/download/iphone"" rel=""nofollow"">Twitter for iPhone</a>",This is Shikha. She just watched you drop a skittle on the ground and still eat it. Could not be less impressed. 12/10 superior puppo https://t.co/XZlZKd73go,https://twitter.com/dog_rates/status/867421006826221569/photo/1,12,10,Shikha,2697,16755,puppo,Eskimo_dog
224,,,2017-05-03 03:17:27+00:00,"<a href=""http://twitter.com/download/iphone"" rel=""nofollow"">Twitter for iPhone</a>",Sorry for the lack of posts today. I came home from school and had to spend quality time with my puppo. Her name is Zoey and she's 13/10 https://t.co/BArWupFAn0,https://twitter.com/dog_rates/status/859607811541651456/photo/1,13,10,,1704,19476,puppo,golden_retriever
225,,,2017-01-29 02:44:34+00:00,"<a href=""http://twitter.com/download/iphone"" rel=""nofollow"">Twitter for iPhone</a>",Here's a very loving and accepting puppo. Appears to have read her Constitution well. 14/10 would pat head approvingly https://t.co/6ao80wIpV1,https://twitter.com/dog_rates/status/825535076884762624/photo/1,14,10,,19669,56413,puppo,Rottweiler
226,,,2017-01-27 17:04:02+00:00,"<a href=""http://twitter.com/download/iphone"" rel=""nofollow"">Twitter for iPhone</a>","Say hello to Pablo. He's one gorgeous puppo. A true 12/10. Click the link to see why Pablo requests your assistance

https://t.co/koHvVQp9bL https://t.co/IhW0JKf7kc","https://www.gofundme.com/my-puppys-double-cataract-surgery,https://twitter.com/dog_rates/status/825026590719483904/photo/1,https://twitter.com/dog_rates/status/825026590719483904/photo/1",12,10,Pablo,1483,7020,puppo,Eskimo_dog
227,,,2017-01-21 18:26:02+00:00,"<a href=""http://twitter.com/download/iphone"" rel=""nofollow"">Twitter for iPhone</a>",Here's a super supportive puppo participating in the Toronto  #WomensMarch today. 13/10 https://t.co/nTz3FtorBc,https://twitter.com/dog_rates/status/822872901745569793/photo/1,13,10,,48265,132810,puppo,Lakeland_terrier
228,,,2017-01-13 17:00:21+00:00,"<a href=""http://twitter.com/download/iphone"" rel=""nofollow"">Twitter for iPhone</a>","This is Oliver. He has dreams of being a service puppo so he can help his owner. 13/10 selfless af

make it happen:
https://t.co/f5WMsx0a9K https://t.co/6lJz0DKZIb","https://www.gofundme.com/servicedogoliver,https://twitter.com/dog_rates/status/819952236453363712/photo/1",13,10,Oliver,1369,5927,puppo,American_Staffordshire_terrier
229,,,2016-11-30 01:31:12+00:00,"<a href=""http://twitter.com/download/iphone"" rel=""nofollow"">Twitter for iPhone</a>",This is Diogi. He fell in the pool as soon as he was brought home. Clumsy puppo. 12/10 would pet until dry https://t.co/ZxeRjMKaWt,"https://twitter.com/dog_rates/status/803773340896923648/photo/1,https://twitter.com/dog_rates/status/803773340896923648/photo/1,https://twitter.com/dog_rates/status/803773340896923648/photo/1,https://twitter.com/dog_rates/status/803773340896923648/photo/1",12,10,Diogi,3220,11203,puppo,miniature_pinscher
230,,,2016-11-25 19:55:35+00:00,"<a href=""http://twitter.com/download/iphone"" rel=""nofollow"">Twitter for iPhone</a>",This is Loki. He'll do your taxes for you. Can also make room in your budget for all the things you bought today. 12/10 what a puppo https://t.co/5oWrHCWg87,"https://twitter.com/dog_rates/status/802239329049477120/photo/1,https://twitter.com/dog_rates/status/802239329049477120/photo/1",12,10,Loki,3040,10132,puppo,Eskimo_dog
231,,,2016-10-31 21:00:23+00:00,"<a href=""http://twitter.com/download/iphone"" rel=""nofollow"">Twitter for iPhone</a>",Say hello to Lily. She's pupset that her costume doesn't fit as well as last year. 12/10 poor puppo https://t.co/YSi6K1firY,"https://twitter.com/dog_rates/status/793195938047070209/photo/1,https://twitter.com/dog_rates/status/793195938047070209/photo/1",12,10,Lily,6547,17063,puppo,Labrador_retriever
232,,,2016-10-16 18:11:26+00:00,"<a href=""http://twitter.com/download/iphone"" rel=""nofollow"">Twitter for iPhone</a>",This is Tonks. She is a service puppo. Can hear a caterpillar hiccup from 7 miles away. 13/10 would follow anywhere https://t.co/i622ZbWkUp,"https://twitter.com/dog_rates/status/787717603741622272/photo/1,https://twitter.com/dog_rates/status/787717603741622272/photo/1,https://twitter.com/dog_rates/status/787717603741622272/photo/1,https://twitter.com/dog_rates/status/787717603741622272/photo/1",13,10,Tonks,3240,11416,puppo,German_shepherd
233,,,2016-07-21 23:53:04+00:00,"<a href=""http://twitter.com/download/iphone"" rel=""nofollow"">Twitter for iPhone</a>",When ur older siblings get to play in the deep end but dad says ur not old enough. Maybe one day puppo. All 10/10 https://t.co/JrDAzMhwG9,"https://twitter.com/dog_rates/status/756275833623502848/photo/1,https://twitter.com/dog_rates/status/756275833623502848/photo/1",10,10,,1738,7114,puppo,Airedale
234,,,2016-07-07 19:16:47+00:00,"<a href=""http://twitter.com/download/iphone"" rel=""nofollow"">Twitter for iPhone</a>",This is Cooper. He's just so damn happy. 10/10 what's your secret puppo? https://t.co/yToDwVXEpA,"https://twitter.com/dog_rates/status/751132876104687617/photo/1,https://twitter.com/dog_rates/status/751132876104687617/photo/1",10,10,Cooper,1480,5610,puppo,Labrador_retriever
235,,,2016-06-20 20:49:19+00:00,"<a href=""http://twitter.com/download/iphone"" rel=""nofollow"">Twitter for iPhone</a>",This is Abby. She got her face stuck in a glass. Churlish af. 9/10 rookie move puppo https://t.co/2FPb45NXrK,"https://twitter.com/dog_rates/status/744995568523612160/photo/1,https://twitter.com/dog_rates/status/744995568523612160/photo/1",9,10,Abby,716,3277,puppo,Old_English_sheepdog
236,,,2016-06-16 01:25:36+00:00,"<a href=""http://twitter.com/download/iphone"" rel=""nofollow"">Twitter for iPhone</a>","This is Kilo. He cannot reach the snackum. Nifty tongue, but not nifty enough. 10/10 maybe one day puppo https://t.co/gSmp31Zrsx",https://twitter.com/dog_rates/status/743253157753532416/photo/1,10,10,Kilo,1366,4624,puppo,malamute
237,,,2016-06-03 01:07:16+00:00,"<a href=""http://twitter.com/download/iphone"" rel=""nofollow"">Twitter for iPhone</a>",This is Bayley. She fell asleep trying to escape her evil fence enclosure. 11/10 night night puppo https://t.co/AxSiqAKEKu,"https://twitter.com/dog_rates/status/738537504001953792/photo/1,https://twitter.com/dog_rates/status/738537504001953792/photo/1",11,10,Bayley,1759,5575,puppo,chow
